id,url,caption,hotel_id,hotel_name,is_main,source
"lp656c8c0c-3","https://static.cupid.travel/hotels/ex_77c756da_z.jpg","balance & terrace","lp656c8c0c","2-min Walk To Lift 7, Shuttle To Gondola! Hot Tub + Fireplace 3 Bedroom Condo by RedAwning",false,"liteapi"
"lp656c8c0c-15","https://static.cupid.travel/hotels/ex_dc90ef5c_z.jpg","balance & terrace","lp656c8c0c","2-min Walk To Lift 7, Shuttle To Gondola! Hot Tub + Fireplace 3 Bedroom Condo by RedAwning",false,"liteapi"
"lp656c735f-18","https://static.cupid.travel/hotels/ex_4e10e87f_z.jpg","balance & terrace","lp656c735f","330 W Pacific B 3 Bedroom Townhouse by RedAwning",false,"liteapi"
"lp656c735f-29","https://static.cupid.travel/hotels/ex_4d85d20f_z.jpg","balance & terrace","lp656c735f","330 W Pacific B 3 Bedroom Townhouse by RedAwning",false,"liteapi"
"lp656c735f-36","https://static.cupid.travel/hotels/ex_18d7f3ca_z.jpg","balance & terrace","lp656c735f","330 W Pacific B 3 Bedroom Townhouse by RedAwning",false,"liteapi"
"lp656e1ed3-1","https://static.cupid.travel/hotels/492978264.jpg","balance & terrace","lp656e1ed3","330 W Pacific B townhouse",false,"liteapi"
"lp656e1ed3-24","https://static.cupid.travel/hotels/492978266.jpg","balance & terrace","lp656e1ed3","330 W Pacific B townhouse",false,"liteapi"
"lp656e1ed3-32","https://static.cupid.travel/hotels/492978287.jpg","balance & terrace","lp656e1ed3","330 W Pacific B townhouse",false,"liteapi"
"lp656e1ed3-36","https://static.cupid.travel/hotels/598559660.jpg","balance & terrace","lp656e1ed3","330 W Pacific B townhouse",false,"liteapi"
"lp656e1ed3-44","https://static.cupid.travel/hotels/492978289.jpg","balance & terrace","lp656e1ed3","330 W Pacific B townhouse",false,"liteapi"
"lp656e6e23-1","https://static.cupid.travel/hotels/599922305.jpg","balance & terrace","lp656e6e23","3br 3 1 2Ba Center of Everything New Listing On Our New Home",false,"liteapi"
"lp656e6e23-2","https://static.cupid.travel/hotels/599922314.jpg","balance & terrace","lp656e6e23","3br 3 1 2Ba Center of Everything New Listing On Our New Home",false,"liteapi"
"lp656c736c-1","https://static.cupid.travel/hotels/ex_727d130e_z.jpg","balance & terrace","lp656c736c","425 Depot Ave 5 Bedroom Home by RedAwning",false,"liteapi"
"lp656c736c-2","https://static.cupid.travel/hotels/ex_e371646c_z.jpg","balance & terrace","lp656c736c","425 Depot Ave 5 Bedroom Home by RedAwning",false,"liteapi"
"lp656c736c-4","https://static.cupid.travel/hotels/ex_69a7a32d_z.jpg","balance & terrace","lp656c736c","425 Depot Ave 5 Bedroom Home by RedAwning",false,"liteapi"
"lp656c736c-11","https://static.cupid.travel/hotels/ex_86fb5f2a_z.jpg","balance & terrace","lp656c736c","425 Depot Ave 5 Bedroom Home by RedAwning",false,"liteapi"
"lp656c736c-32","https://static.cupid.travel/hotels/ex_0a859f6d_z.jpg","balance & terrace","lp656c736c","425 Depot Ave 5 Bedroom Home by RedAwning",false,"liteapi"
"lp656c5d9b-13","https://static.cupid.travel/hotels/ex_2b071ad9_z.jpg","balance & terrace","lp656c5d9b","Aspen Ridge 4 3 Bedroom Townhouse by Alpine Lodging Telluride",false,"liteapi"
"lp656c5d9b-14","https://static.cupid.travel/hotels/ex_41a375ee_z.jpg","balance & terrace","lp656c5d9b","Aspen Ridge 4 3 Bedroom Townhouse by Alpine Lodging Telluride",false,"liteapi"
"lp656c5d9b-15","https://static.cupid.travel/hotels/ex_0ee6f8fc_z.jpg","balance & terrace","lp656c5d9b","Aspen Ridge 4 3 Bedroom Townhouse by Alpine Lodging Telluride",false,"liteapi"
"lp656c5d9b-17","https://static.cupid.travel/hotels/ex_6a122a24_z.jpg","balance & terrace","lp656c5d9b","Aspen Ridge 4 3 Bedroom Townhouse by Alpine Lodging Telluride",false,"liteapi"
"lp656c5d9b-27","https://static.cupid.travel/hotels/ex_9859207a_z.jpg","balance & terrace","lp656c5d9b","Aspen Ridge 4 3 Bedroom Townhouse by Alpine Lodging Telluride",false,"liteapi"
"lp65576346-11","https://static.cupid.travel/hotels/426200170.jpg","balance & terrace","lp65576346","Aspen Ridge 4 by Alpine Lodging Telluride",false,"liteapi"
"lp65576346-26","https://static.cupid.travel/hotels/426200037.jpg","balance & terrace","lp65576346","Aspen Ridge 4 by Alpine Lodging Telluride",false,"liteapi"
"lp65576346-34","https://static.cupid.travel/hotels/426200008.jpg","balance & terrace","lp65576346","Aspen Ridge 4 by Alpine Lodging Telluride",false,"liteapi"
"lp65576346-35","https://static.cupid.travel/hotels/426200025.jpg","balance & terrace","lp65576346","Aspen Ridge 4 by Alpine Lodging Telluride",false,"liteapi"
"lp65576346-36","https://static.cupid.travel/hotels/426200050.jpg","balance & terrace","lp65576346","Aspen Ridge 4 by Alpine Lodging Telluride",false,"liteapi"
"lp41007-6","https://static.cupid.travel/hotels/426253501.jpg","balance & terrace","lp41007","Aspen Ridge 6 by Alpine Lodging Telluride",false,"liteapi"
"lp41007-14","https://static.cupid.travel/hotels/426253504.jpg","balance & terrace","lp41007","Aspen Ridge 6 by Alpine Lodging Telluride",false,"liteapi"
"lpc6edd-15","https://static.cupid.travel/hotels/299965326.jpg","balance & terrace","lpc6edd","Bachman Village",false,"liteapi"
"lp655838e1-1","https://static.cupid.travel/hotels/ex_5b1145b6_z.jpg","balance & terrace","lp655838e1","Bachman Village 14 by Avantstay Close To Town & The Slopes w/ Hot Tub! Permit#12038",false,"liteapi"
"lp655838e1-20","https://static.cupid.travel/hotels/ex_5893dce3_z.jpg","balance & terrace","lp655838e1","Bachman Village 14 by Avantstay Close To Town & The Slopes w/ Hot Tub! Permit#12038",false,"liteapi"
"lp656c5dd6-10","https://static.cupid.travel/hotels/ex_56d2bbda_z.jpg","balance & terrace","lp656c5dd6","Back Door Ski In/out Fireplace, Hot Tub, Huge Views Alpine Luxury At Copper Hollow 6 Bedroom Home by RedAwning",false,"liteapi"
"lp656c5dd6-23","https://static.cupid.travel/hotels/ex_0642b152_z.jpg","balance & terrace","lp656c5dd6","Back Door Ski In/out Fireplace, Hot Tub, Huge Views Alpine Luxury At Copper Hollow 6 Bedroom Home by RedAwning",false,"liteapi"
"lp656c5dd6-24","https://static.cupid.travel/hotels/ex_ef90c654_z.jpg","balance & terrace","lp656c5dd6","Back Door Ski In/out Fireplace, Hot Tub, Huge Views Alpine Luxury At Copper Hollow 6 Bedroom Home by RedAwning",false,"liteapi"
"lp656c5dd6-26","https://static.cupid.travel/hotels/ex_d40ed15a_z.jpg","balance & terrace","lp656c5dd6","Back Door Ski In/out Fireplace, Hot Tub, Huge Views Alpine Luxury At Copper Hollow 6 Bedroom Home by RedAwning",false,"liteapi"
"lp656c5dd6-29","https://static.cupid.travel/hotels/ex_297a60af_z.jpg","balance & terrace","lp656c5dd6","Back Door Ski In/out Fireplace, Hot Tub, Huge Views Alpine Luxury At Copper Hollow 6 Bedroom Home by RedAwning",false,"liteapi"
"lp656c5dd6-66","https://static.cupid.travel/hotels/ex_37cdeeb6_z.jpg","balance & terrace","lp656c5dd6","Back Door Ski In/out Fireplace, Hot Tub, Huge Views Alpine Luxury At Copper Hollow 6 Bedroom Home by RedAwning",false,"liteapi"
"lp65721472-2","https://static.cupid.travel/hotels/491879406.jpg","balance & terrace","lp65721472","Basecamp at Valley Floor - views and wildlife!",false,"liteapi"
"lp65721472-3","https://static.cupid.travel/hotels/491879441.jpg","balance & terrace","lp65721472","Basecamp at Valley Floor - views and wildlife!",false,"liteapi"
"lp65721472-7","https://static.cupid.travel/hotels/491879423.jpg","balance & terrace","lp65721472","Basecamp at Valley Floor - views and wildlife!",false,"liteapi"
"lp65721472-9","https://static.cupid.travel/hotels/491879446.jpg","balance & terrace","lp65721472","Basecamp at Valley Floor - views and wildlife!",false,"liteapi"
"lp65721472-27","https://static.cupid.travel/hotels/491879452.jpg","balance & terrace","lp65721472","Basecamp at Valley Floor - views and wildlife!",false,"liteapi"
"lp656c95d8-5","https://static.cupid.travel/hotels/ex_63c93007_z.jpg","balance & terrace","lp656c95d8","Bear Creek Lodge 203 3 Bedroom Condo by Alpine Lodging Telluride",false,"liteapi"
"lp65711627-14","https://static.cupid.travel/hotels/500596178.jpg","balance & terrace","lp65711627","Bear Creek Lodge 203 by Alpine Lodging Telluride",false,"liteapi"
"lp656c9171-4","https://static.cupid.travel/hotels/ex_fcbd2827_z.jpg","balance & terrace","lp656c9171","Bear Creek Lodge 203a 1 Bedroom Condo by Alpine Lodging Telluride",false,"liteapi"
"lp656c959d-14","https://static.cupid.travel/hotels/ex_3cdc380e_z.jpg","balance & terrace","lp656c959d","Bear Creek Lodge 203ab 2 Bedroom Condo by Alpine Lodging Telluride",false,"liteapi"
"lp656c95d5-2","https://static.cupid.travel/hotels/ex_4f6e6751_z.jpg","balance & terrace","lp656c95d5","Bear Creek Lodge 205 3 Bedroom Condo by Alpine Lodging Telluride",false,"liteapi"
"lp65711d90-10","https://static.cupid.travel/hotels/500369497.jpg","balance & terrace","lp65711d90","Bear Creek Lodge 205 by Alpine Lodging Telluride",false,"liteapi"
"lp656c95d7-9","https://static.cupid.travel/hotels/ex_63bc9acd_z.jpg","balance & terrace","lp656c95d7","Bear Creek Lodge 205a 1 Bedroom Condo by Alpine Lodging Telluride",false,"liteapi"
"lp656c95f6-15","https://static.cupid.travel/hotels/ex_4f9ad7b8_z.jpg","balance & terrace","lp656c95f6","Bear Creek Lodge 205ab 2 Bedroom Condo by Alpine Lodging Telluride",false,"liteapi"
"lp656c7972-2","https://static.cupid.travel/hotels/ex_34ec5e7f_z.jpg","balance & terrace","lp656c7972","Bear Creek Lodge 209 3 Bedroom Condo by Alpine Lodging Telluride",false,"liteapi"
"lp65711bba-10","https://static.cupid.travel/hotels/500470897.jpg","balance & terrace","lp65711bba","Bear Creek Lodge 209 by Alpine Lodging Telluride",false,"liteapi"
"lp656c9189-3","https://static.cupid.travel/hotels/ex_7177c381_z.jpg","balance & terrace","lp656c9189","Bear Creek Lodge 310 1 Bedroom Condo by Alpine Lodging Telluride",false,"liteapi"
"lp65711a3a-1","https://static.cupid.travel/hotels/526461564.jpg","balance & terrace","lp65711a3a","Bear Creek Lodge 406 by Alpine Lodging Telluride",false,"liteapi"
"lp656c8c7e-21","https://static.cupid.travel/hotels/ex_342ab364_z.jpg","balance & terrace","lp656c8c7e","Bear Creek Lodge 407 4 Bedroom Condo by Alpine Lodging Telluride",false,"liteapi"
"lp65711b1e-13","https://static.cupid.travel/hotels/434057637.jpg","balance & terrace","lp65711b1e","Bear Creek Lodge 407 by Alpine Lodging Telluride",false,"liteapi"
"lp65711b1e-14","https://static.cupid.travel/hotels/434057640.jpg","balance & terrace","lp65711b1e","Bear Creek Lodge 407 by Alpine Lodging Telluride",false,"liteapi"
"lp656c9612-15","https://static.cupid.travel/hotels/ex_a09e0097_z.jpg","balance & terrace","lp656c9612","Bear Creek Lodge 409 4 Bedroom Condo by Alpine Lodging Telluride",false,"liteapi"
"lp65711a72-16","https://static.cupid.travel/hotels/500516701.jpg","balance & terrace","lp65711a72","Bear Creek Lodge 409 by Alpine Lodging Telluride",false,"liteapi"
"lp656c8d11-5","https://static.cupid.travel/hotels/ex_cb3a4ac6_z.jpg","balance & terrace","lp656c8d11","Bear Creek Lodge 410 4 Bedroom Condo by Alpine Lodging Telluride",false,"liteapi"
"lp656c988b-3","https://static.cupid.travel/hotels/ex_84082a8d_z.jpg","balance & terrace","lp656c988b","Bear Creek Lodge 412 4 Bedroom Condo by Alpine Lodging Telluride",false,"liteapi"
"lp65711d8c-23","https://static.cupid.travel/hotels/500363336.jpg","balance & terrace","lp65711d8c","Bear Creek Lodge 412 by Alpine Lodging Telluride",false,"liteapi"
"lp656c74ff-1","https://static.cupid.travel/hotels/ex_197dea37_z.jpg","balance & terrace","lp656c74ff","Belvedere 4 3 Bedroom Townhouse by RedAwning",false,"liteapi"
"lp656c74ff-8","https://static.cupid.travel/hotels/ex_a44a0419_z.jpg","balance & terrace","lp656c74ff","Belvedere 4 3 Bedroom Townhouse by RedAwning",false,"liteapi"
"lp100853-1","https://static.cupid.travel/hotels/ex_f68499a3_z.jpg","balance & terrace","lp100853","Belvedere Park 1",false,"liteapi"
"lp100853-13","https://static.cupid.travel/hotels/ex_b2f74e34_z.jpg","balance & terrace","lp100853","Belvedere Park 1",false,"liteapi"
"lp100853-17","https://static.cupid.travel/hotels/ex_f0946c7d_z.jpg","balance & terrace","lp100853","Belvedere Park 1",false,"liteapi"
"lp65584fec-1","https://static.cupid.travel/hotels/ex_174a14b4_z.jpg","balance & terrace","lp65584fec","Blue Mesa 2 Unit Buyout by Avantstay 2 Units Centrally Located Ski In/ Ski Out Unit!",false,"liteapi"
"lp65584fec-8","https://static.cupid.travel/hotels/ex_9ea42f80_z.jpg","balance & terrace","lp65584fec","Blue Mesa 2 Unit Buyout by Avantstay 2 Units Centrally Located Ski In/ Ski Out Unit!",false,"liteapi"
"lp65584f7c-6","https://static.cupid.travel/hotels/ex_997482ac_z.jpg","balance & terrace","lp65584f7c","Blue Mesa Lodge 23C by Avantstay Functional Ski In/ski Out Studio w/ Balcony in Great Location!",false,"liteapi"
"lp6558380e-1","https://static.cupid.travel/hotels/ex_6c1c8978_z.jpg","balance & terrace","lp6558380e","Blue Mesa Penthouse by Avantstay Buyout of 3 Units Ski-in/ski-out Condo",false,"liteapi"
"lp6558380e-13","https://static.cupid.travel/hotels/ex_f10e340e_z.jpg","balance & terrace","lp6558380e","Blue Mesa Penthouse by Avantstay Buyout of 3 Units Ski-in/ski-out Condo",false,"liteapi"
"lp6579cd15-25","https://static.cupid.travel/hotels/581685759.jpg","balance & terrace","lp6579cd15","Box Canyon View",false,"liteapi"
"lpa0351-2","https://static.cupid.travel/hotels/ex_50ba3a2f_z.jpg","balance & terrace","lpa0351","Buena Vista at Riverside 2 Bedroom Condo by Accommodations in Telluride",false,"liteapi"
"lpa0351-12","https://static.cupid.travel/hotels/ex_98247052_z.jpg","balance & terrace","lpa0351","Buena Vista at Riverside 2 Bedroom Condo by Accommodations in Telluride",false,"liteapi"
"lp33f05b-9","https://static.cupid.travel/hotels/ex_919e4024_z.jpg","balance & terrace","lp33f05b","Charlie's Place B",false,"liteapi"
"lp33f05b-10","https://static.cupid.travel/hotels/ex_1cf33efb_z.jpg","balance & terrace","lp33f05b","Charlie's Place B",false,"liteapi"
"lp656c8bd0-1","https://static.cupid.travel/hotels/ex_f4ab5fa0_z.jpg","balance & terrace","lp656c8bd0","Chic, Modern Walk Anywhere @ Viking Lodge 206 1 Bedroom Condo by RedAwning",false,"liteapi"
"lp322757-1","https://static.cupid.travel/hotels/ex_31e9b4ee_z.jpg","balance & terrace","lp322757","Christel - Peaceful West End Home, Downtown Telluride, Walk to Ski",false,"liteapi"
"lp322757-12","https://static.cupid.travel/hotels/ex_251ee256_z.jpg","balance & terrace","lp322757","Christel - Peaceful West End Home, Downtown Telluride, Walk to Ski",false,"liteapi"
"lp65708063-22","https://static.cupid.travel/hotels/ex_17af075e_z.jpg","balance & terrace","lp65708063","Cimarron Lodge 16 2 Bedroom Condo by RedAwning",false,"liteapi"
"lp65585273-8","https://static.cupid.travel/hotels/ex_7260e5dd_z.jpg","balance & terrace","lp65585273","Cimarron Lodge 27 by Avantstay Ski-in/ski-out Property in Complex w/ Two Hot Tubs! Permit#10026",false,"liteapi"
"lp656c943e-3","https://static.cupid.travel/hotels/ex_08ba90ba_z.jpg","balance & terrace","lp656c943e","Cimarron Lodge 33 2 Bedroom Condo by RedAwning",false,"liteapi"
"lp655852e5-1","https://static.cupid.travel/hotels/ex_b7452e7b_z.jpg","balance & terrace","lp655852e5","Cimarron Lodge 7 by Avantstay Ski-in/ski-out Property in Complex w/ Two Hot Tubs!",false,"liteapi"
"lp656c8c2e-39","https://static.cupid.travel/hotels/ex_3f72c197_z.jpg","balance & terrace","lp656c8c2e","Clean, Cozy Riverside Condo, Walk Everywhere @ Viking Lodge 212 1 Bedroom Condo by RedAwning",false,"liteapi"
"lp656c8502-32","https://static.cupid.travel/hotels/ex_ac1efa94_z.jpg","balance & terrace","lp656c8502","Cloud Nine! Near Chair 7, Top Floor On River + Hot Tub 1 Bedroom Condo by RedAwning",false,"liteapi"
"lp656c8502-39","https://static.cupid.travel/hotels/ex_0f2c64b6_z.jpg","balance & terrace","lp656c8502","Cloud Nine! Near Chair 7, Top Floor On River + Hot Tub 1 Bedroom Condo by RedAwning",false,"liteapi"
"lp65713c13-3","https://static.cupid.travel/hotels/ex_d0abf7d7_z.jpg","balance & terrace","lp65713c13","Columbia Place 5 by Avantstay Ski-in/ski-out Unit in Great Location!",false,"liteapi"
"lpc0214-1","https://static.cupid.travel/hotels/ex_f3d5f275_z.jpg","balance & terrace","lpc0214","Columbine House",false,"liteapi"
"lpc0214-2","https://static.cupid.travel/hotels/ex_8d44b01b_z.jpg","balance & terrace","lpc0214","Columbine House",false,"liteapi"
"lpc0214-4","https://static.cupid.travel/hotels/ex_6c0db30b_z.jpg","balance & terrace","lpc0214","Columbine House",false,"liteapi"
"lpc0214-5","https://static.cupid.travel/hotels/ex_eaecd8e0_z.jpg","balance & terrace","lpc0214","Columbine House",false,"liteapi"
"lp656c8bd5-13","https://static.cupid.travel/hotels/ex_e55598e4_z.jpg","balance & terrace","lp656c8bd5","Comfy Casual Near Gondola & Main Street! @ Needle Rock 3 2 Bedroom Condo by RedAwning",false,"liteapi"
"lp656c8bd5-14","https://static.cupid.travel/hotels/ex_4420500d_z.jpg","balance & terrace","lp656c8bd5","Comfy Casual Near Gondola & Main Street! @ Needle Rock 3 2 Bedroom Condo by RedAwning",false,"liteapi"
"lp656c8bd5-25","https://static.cupid.travel/hotels/ex_80f2772f_z.jpg","balance & terrace","lp656c8bd5","Comfy Casual Near Gondola & Main Street! @ Needle Rock 3 2 Bedroom Condo by RedAwning",false,"liteapi"
"lp6558527a-1","https://static.cupid.travel/hotels/ex_2be0bdcb_z.jpg","balance & terrace","lp6558527a","Crystal Chalet 12 by Avantstay Close to Town w/ Views of San Sofia Ridge",false,"liteapi"
"lp6558527a-28","https://static.cupid.travel/hotels/ex_62d2acea_z.jpg","balance & terrace","lp6558527a","Crystal Chalet 12 by Avantstay Close to Town w/ Views of San Sofia Ridge",false,"liteapi"
"lp6558527a-29","https://static.cupid.travel/hotels/ex_5dae1910_z.jpg","balance & terrace","lp6558527a","Crystal Chalet 12 by Avantstay Close to Town w/ Views of San Sofia Ridge",false,"liteapi"
"lp6558527a-30","https://static.cupid.travel/hotels/ex_cbd4eb4b_z.jpg","balance & terrace","lp6558527a","Crystal Chalet 12 by Avantstay Close to Town w/ Views of San Sofia Ridge",false,"liteapi"
"lp655835a6-10","https://static.cupid.travel/hotels/ex_5e297ae3_z.jpg","balance & terrace","lp655835a6","Double Diamond 23 by Avantstay Close to Town & The Slopes!",false,"liteapi"
"lp656c988a-1","https://static.cupid.travel/hotels/ex_dfe089b4_z.jpg","balance & terrace","lp656c988a","East Side Hideaway 3 Bedroom Condo by RedAwning",false,"liteapi"
"lp656c988a-23","https://static.cupid.travel/hotels/ex_828bcf67_z.jpg","balance & terrace","lp656c988a","East Side Hideaway 3 Bedroom Condo by RedAwning",false,"liteapi"
"lp656c988a-34","https://static.cupid.travel/hotels/ex_e1c272e8_z.jpg","balance & terrace","lp656c988a","East Side Hideaway 3 Bedroom Condo by RedAwning",false,"liteapi"
"lpa04e6-11","https://static.cupid.travel/hotels/ex_d2489be4_z.jpg","balance & terrace","lpa04e6","El Diente A 2 Bedroom Holiday home By Accommodations in Telluride",false,"liteapi"
"lp6558511d-1","https://static.cupid.travel/hotels/ex_c07289c9_z.jpg","balance & terrace","lp6558511d","Emerald Elk at Village Creek by Avantstay Close to Slopes & Village w/ Views",false,"liteapi"
"lp6558511d-4","https://static.cupid.travel/hotels/ex_a576db29_z.jpg","balance & terrace","lp6558511d","Emerald Elk at Village Creek by Avantstay Close to Slopes & Village w/ Views",false,"liteapi"
"lp6558511d-18","https://static.cupid.travel/hotels/ex_664f0a0e_z.jpg","balance & terrace","lp6558511d","Emerald Elk at Village Creek by Avantstay Close to Slopes & Village w/ Views",false,"liteapi"
"lp656f281e-12","https://static.cupid.travel/hotels/ex_e2651449_z.jpg","balance & terrace","lp656f281e","Etta Place 7 by Avantstay Ski In/ Ski Out Unit w/ Striking Views!",false,"liteapi"
"lp6558511f-8","https://static.cupid.travel/hotels/ex_c2db45c2_z.jpg","balance & terrace","lp6558511f","Etta Place Too 103 by Avantstay Close to Town & The Slopes! In Complex w/ Communal Pool & Hot Tub",false,"liteapi"
"lp3226d4-2","https://static.cupid.travel/hotels/ex_f8da8736_z.jpg","balance & terrace","lp3226d4","FOX Farm Retreat",false,"liteapi"
"lp3226d4-15","https://static.cupid.travel/hotels/ex_53a130f4_z.jpg","balance & terrace","lp3226d4","FOX Farm Retreat",false,"liteapi"
"lp6574364f-35","https://static.cupid.travel/hotels/ex_919eddd7_z.jpg","balance & terrace","lp6574364f","Franz Klammer 2 Bedroom",false,"liteapi"
"lp6574364c-2","https://static.cupid.travel/hotels/ex_b5770ef8_z.jpg","balance & terrace","lp6574364c","Franz Klammer 3 Bedroom",false,"liteapi"
"lp6574364c-3","https://static.cupid.travel/hotels/ex_1afbed71_z.jpg","balance & terrace","lp6574364c","Franz Klammer 3 Bedroom",false,"liteapi"
"lp6558524a-4","https://static.cupid.travel/hotels/ex_4225ea54_z.jpg","balance & terrace","lp6558524a","Ghostriders 10 by Avantstay Penthouse Suite w/ Large Patio & Mountain Views!",false,"liteapi"
"lp655852a6-4","https://static.cupid.travel/hotels/ex_a45fcbba_z.jpg","balance & terrace","lp655852a6","Ghostriders 5 by Avantstay 2 Bedroom Condo Near Main Street, Hiking & Skiing STR Permit #3571",false,"liteapi"
"lp655852a6-12","https://static.cupid.travel/hotels/ex_39c072e6_z.jpg","balance & terrace","lp655852a6","Ghostriders 5 by Avantstay 2 Bedroom Condo Near Main Street, Hiking & Skiing STR Permit #3571",false,"liteapi"
"lp656c8c64-10","https://static.cupid.travel/hotels/ex_aceea09d_z.jpg","balance & terrace","lp656c8c64","Giant Riverfront Deck W Grill, Tons Of Space @ Viking Lodge 100ab 4 Bedroom Condo by RedAwning",false,"liteapi"
"lp656c8c64-24","https://static.cupid.travel/hotels/ex_ee43abcb_z.jpg","balance & terrace","lp656c8c64","Giant Riverfront Deck W Grill, Tons Of Space @ Viking Lodge 100ab 4 Bedroom Condo by RedAwning",false,"liteapi"
"lp656c8c64-28","https://static.cupid.travel/hotels/ex_2a53cbf5_z.jpg","balance & terrace","lp656c8c64","Giant Riverfront Deck W Grill, Tons Of Space @ Viking Lodge 100ab 4 Bedroom Condo by RedAwning",false,"liteapi"
"lp65585338-9","https://static.cupid.travel/hotels/ex_0927e950_z.jpg","balance & terrace","lp65585338","Gold Dust Crossing A4 by Avantstay Telluride Gem in Great Location",false,"liteapi"
"lp65721119-1","https://static.cupid.travel/hotels/427982034.jpg","balance & terrace","lp65721119","Ground Floor on River Trail, Walk to Ski condo",false,"liteapi"
"lp65721119-2","https://static.cupid.travel/hotels/427982033.jpg","balance & terrace","lp65721119","Ground Floor on River Trail, Walk to Ski condo",false,"liteapi"
"lp65721119-23","https://static.cupid.travel/hotels/427982026.jpg","balance & terrace","lp65721119","Ground Floor on River Trail, Walk to Ski condo",false,"liteapi"
"lp656c8bfb-26","https://static.cupid.travel/hotels/ex_c0e4b635_z.jpg","balance & terrace","lp656c8bfb","Ground Floor W/ River Trail Patio + Walk To Chair 7! Viking Lodge 116 1 Bedroom Condo by RedAwning",false,"liteapi"
"lp65729f3a-3","https://static.cupid.travel/hotels/599921685.jpg","balance & terrace","lp65729f3a","Have It All Ski in out Affordable Too",false,"liteapi"
"lp65729f3a-4","https://static.cupid.travel/hotels/599921684.jpg","balance & terrace","lp65729f3a","Have It All Ski in out Affordable Too",false,"liteapi"
"lp65729f3a-5","https://static.cupid.travel/hotels/599921639.jpg","balance & terrace","lp65729f3a","Have It All Ski in out Affordable Too",false,"liteapi"
"lp65729f3a-40","https://static.cupid.travel/hotels/450268093.jpg","balance & terrace","lp65729f3a","Have It All Ski in out Affordable Too",false,"liteapi"
"lp6574edb5-5","https://static.cupid.travel/hotels/275597730.jpg","balance & terrace","lp6574edb5","Haven on South Oak",false,"liteapi"
"lp656c8c00-37","https://static.cupid.travel/hotels/ex_d0294636_z.jpg","balance & terrace","lp656c8c00","Hidden Gem, 4 Min To Lift 7 Garage, Hot Tub, Lux Kitchen, Big + Bright 4 Bedroom Condo by RedAwning",false,"liteapi"
"lp656c8c00-40","https://static.cupid.travel/hotels/ex_7db26546_z.jpg","balance & terrace","lp656c8c00","Hidden Gem, 4 Min To Lift 7 Garage, Hot Tub, Lux Kitchen, Big + Bright 4 Bedroom Condo by RedAwning",false,"liteapi"
"lp656c8c00-43","https://static.cupid.travel/hotels/ex_cc862f2d_z.jpg","balance & terrace","lp656c8c00","Hidden Gem, 4 Min To Lift 7 Garage, Hot Tub, Lux Kitchen, Big + Bright 4 Bedroom Condo by RedAwning",false,"liteapi"
"lp655663cf-1","https://static.cupid.travel/hotels/ex_612dc9e5_z.jpg","balance & terrace","lp655663cf","Hilltop Hideaway - Expansive Views From This Private Estate, Hot Tub, Pool Table",false,"liteapi"
"lp655663cf-2","https://static.cupid.travel/hotels/ex_f88eacdc_z.jpg","balance & terrace","lp655663cf","Hilltop Hideaway - Expansive Views From This Private Estate, Hot Tub, Pool Table",false,"liteapi"
"lp655663cf-5","https://static.cupid.travel/hotels/ex_cb40d67b_z.jpg","balance & terrace","lp655663cf","Hilltop Hideaway - Expansive Views From This Private Estate, Hot Tub, Pool Table",false,"liteapi"
"lp655663cf-13","https://static.cupid.travel/hotels/ex_822b247d_z.jpg","balance & terrace","lp655663cf","Hilltop Hideaway - Expansive Views From This Private Estate, Hot Tub, Pool Table",false,"liteapi"
"lp655663cf-14","https://static.cupid.travel/hotels/ex_154f3f9e_z.jpg","balance & terrace","lp655663cf","Hilltop Hideaway - Expansive Views From This Private Estate, Hot Tub, Pool Table",false,"liteapi"
"lp655663cf-16","https://static.cupid.travel/hotels/ex_12ec765e_z.jpg","balance & terrace","lp655663cf","Hilltop Hideaway - Expansive Views From This Private Estate, Hot Tub, Pool Table",false,"liteapi"
"lp655663cf-29","https://static.cupid.travel/hotels/ex_e6a7f771_z.jpg","balance & terrace","lp655663cf","Hilltop Hideaway - Expansive Views From This Private Estate, Hot Tub, Pool Table",false,"liteapi"
"lp655663cf-31","https://static.cupid.travel/hotels/ex_cf0c3b10_z.jpg","balance & terrace","lp655663cf","Hilltop Hideaway - Expansive Views From This Private Estate, Hot Tub, Pool Table",false,"liteapi"
"lp655663cf-33","https://static.cupid.travel/hotels/ex_c2fb6e66_z.jpg","balance & terrace","lp655663cf","Hilltop Hideaway - Expansive Views From This Private Estate, Hot Tub, Pool Table",false,"liteapi"
"lp655663cf-37","https://static.cupid.travel/hotels/ex_369cac17_z.jpg","balance & terrace","lp655663cf","Hilltop Hideaway - Expansive Views From This Private Estate, Hot Tub, Pool Table",false,"liteapi"
"lp655663cf-53","https://static.cupid.travel/hotels/ex_5d367d28_z.jpg","balance & terrace","lp655663cf","Hilltop Hideaway - Expansive Views From This Private Estate, Hot Tub, Pool Table",false,"liteapi"
"lp65585234-15","https://static.cupid.travel/hotels/ex_e6f88577_z.jpg","balance & terrace","lp65585234","Hruza Hideout by Avantstay Walkable Location + Free Ski Shuttle, Mountain View",false,"liteapi"
"lp656c8bff-1","https://static.cupid.travel/hotels/ex_ac98e4e6_z.jpg","balance & terrace","lp656c8bff","Huge Riverfront Deck + Walk Everywhere Viking Lodge 100a 3 Bedroom Condo by RedAwning",false,"liteapi"
"lp656c9572-1","https://static.cupid.travel/hotels/ex_2ed04873_z.jpg","balance & terrace","lp656c9572","Ice House 317 2 Bedroom Condo by RedAwning",false,"liteapi"
"lp656c9572-2","https://static.cupid.travel/hotels/ex_a3a47ecc_z.jpg","balance & terrace","lp656c9572","Ice House 317 2 Bedroom Condo by RedAwning",false,"liteapi"
"lp656c9572-3","https://static.cupid.travel/hotels/ex_517ef907_z.jpg","balance & terrace","lp656c9572","Ice House 317 2 Bedroom Condo by RedAwning",false,"liteapi"
"lp656c9572-4","https://static.cupid.travel/hotels/ex_2926025a_z.jpg","balance & terrace","lp656c9572","Ice House 317 2 Bedroom Condo by RedAwning",false,"liteapi"
"lp656c9572-5","https://static.cupid.travel/hotels/ex_23c303fa_z.jpg","balance & terrace","lp656c9572","Ice House 317 2 Bedroom Condo by RedAwning",false,"liteapi"
"lp656c9572-14","https://static.cupid.travel/hotels/ex_fba2ca55_z.jpg","balance & terrace","lp656c9572","Ice House 317 2 Bedroom Condo by RedAwning",false,"liteapi"
"lp656c9572-31","https://static.cupid.travel/hotels/ex_79bfff9e_z.jpg","balance & terrace","lp656c9572","Ice House 317 2 Bedroom Condo by RedAwning",false,"liteapi"
"lp655838ad-22","https://static.cupid.travel/hotels/ex_04560857_z.jpg","balance & terrace","lp655838ad","Le Chamonix I by Avantstay Condo w/ Views in Great Location",false,"liteapi"
"lp655838ad-27","https://static.cupid.travel/hotels/ex_1bff9883_z.jpg","balance & terrace","lp655838ad","Le Chamonix I by Avantstay Condo w/ Views in Great Location",false,"liteapi"
"lp6576e14e-8","https://static.cupid.travel/hotels/599922202.jpg","balance & terrace","lp6576e14e","Lift 7 and Gondola 1block SaltWaterPoolHottub and Riverview",false,"liteapi"
"lp656c8c1e-18","https://static.cupid.travel/hotels/ex_5c79de93_z.jpg","balance & terrace","lp656c8c1e","Lift 7 Ski In/out Hot Tub, Ski Locker, Garage Parking + Shuttle To Gondola 2 Bedroom Condo by RedAwning",false,"liteapi"
"lp656c8c1e-29","https://static.cupid.travel/hotels/ex_060c8808_z.jpg","balance & terrace","lp656c8c1e","Lift 7 Ski In/out Hot Tub, Ski Locker, Garage Parking + Shuttle To Gondola 2 Bedroom Condo by RedAwning",false,"liteapi"
"lpa073d-27","https://static.cupid.travel/hotels/ex_f8731c76_z.jpg","balance & terrace","lpa073d","Lulu City 3F 2 Bedroom Condo By Accommodations in Telluride",false,"liteapi"
"lp656c598b-2","https://static.cupid.travel/hotels/ex_db9d12c4_z.jpg","balance & terrace","lp656c598b","Lux Home W/ Gas Fireplace, Hot Tub, 8 Min To Lift 7 Bunk Room For Kids! 4 Bedroom Home by RedAwning",false,"liteapi"
"lp656c598b-52","https://static.cupid.travel/hotels/ex_af320131_z.jpg","balance & terrace","lp656c598b","Lux Home W/ Gas Fireplace, Hot Tub, 8 Min To Lift 7 Bunk Room For Kids! 4 Bedroom Home by RedAwning",false,"liteapi"
"lp656cbb60-1","https://static.cupid.travel/hotels/ex_dc5bb7c6_z.jpg","balance & terrace","lp656cbb60","Luxurious Ski-in/ski-out Telluride Mountain Escape",false,"liteapi"
"lp656cbb60-9","https://static.cupid.travel/hotels/ex_7d9e24a7_z.jpg","balance & terrace","lp656cbb60","Luxurious Ski-in/ski-out Telluride Mountain Escape",false,"liteapi"
"lp656cbb60-20","https://static.cupid.travel/hotels/ex_8df7b10a_z.jpg","balance & terrace","lp656cbb60","Luxurious Ski-in/ski-out Telluride Mountain Escape",false,"liteapi"
"lp656cbb60-35","https://static.cupid.travel/hotels/ex_3f7bf02a_z.jpg","balance & terrace","lp656cbb60","Luxurious Ski-in/ski-out Telluride Mountain Escape",false,"liteapi"
"lp656cbb60-38","https://static.cupid.travel/hotels/ex_92cac86d_z.jpg","balance & terrace","lp656cbb60","Luxurious Ski-in/ski-out Telluride Mountain Escape",false,"liteapi"
"lp656cc665-4","https://static.cupid.travel/hotels/ex_d0472fe6_z.jpg","balance & terrace","lp656cc665","Luxurious Ski-in/ski-out Telluride Penthouse!",false,"liteapi"
"lp656cc665-5","https://static.cupid.travel/hotels/ex_408349e6_z.jpg","balance & terrace","lp656cc665","Luxurious Ski-in/ski-out Telluride Penthouse!",false,"liteapi"
"lp657fb5dc-34","https://static.cupid.travel/hotels/599923136.jpg","balance & terrace","lp657fb5dc","Luxury Auberge Madeline Residence Building",false,"liteapi"
"lp657fb5dc-44","https://static.cupid.travel/hotels/599923132.jpg","balance & terrace","lp657fb5dc","Luxury Auberge Madeline Residence Building",false,"liteapi"
"lp657364a3-1","https://static.cupid.travel/hotels/569460435.jpg","balance & terrace","lp657364a3","Luxury Condo - Open for Bluegrass",false,"liteapi"
"lp657364a3-8","https://static.cupid.travel/hotels/569507142.jpg","balance & terrace","lp657364a3","Luxury Condo - Open for Bluegrass",false,"liteapi"
"lp657002d3-1","https://static.cupid.travel/hotels/478590654.jpg","balance & terrace","lp657002d3","Luxury Downtown Telluride - Creekside Condo - Walk to Chair 7!",false,"liteapi"
"lp657002d3-14","https://static.cupid.travel/hotels/478590662.jpg","balance & terrace","lp657002d3","Luxury Downtown Telluride - Creekside Condo - Walk to Chair 7!",false,"liteapi"
"lp657ce38e-3","https://static.cupid.travel/hotels/606258401.jpg","balance & terrace","lp657ce38e","Luxury Lodge with Breathtaking Views",false,"liteapi"
"lp65717093-9","https://static.cupid.travel/hotels/415171379.jpg","balance & terrace","lp65717093","Luxury Residence at a 5 Star Hotel at the Heart of Mountain Village - Telluride",false,"liteapi"
"lp65717093-16","https://static.cupid.travel/hotels/414627699.jpg","balance & terrace","lp65717093","Luxury Residence at a 5 Star Hotel at the Heart of Mountain Village - Telluride",false,"liteapi"
"lp65717093-45","https://static.cupid.travel/hotels/414627648.jpg","balance & terrace","lp65717093","Luxury Residence at a 5 Star Hotel at the Heart of Mountain Village - Telluride",false,"liteapi"
"lp4b27f-8","https://static.cupid.travel/hotels/ex_a569a179_z.jpg","balance & terrace","lp4b27f","Madeline Hotel & Residences, Auberge Collection",false,"liteapi"
"lp4b27f-9","https://static.cupid.travel/hotels/ex_e57fa722_z.jpg","balance & terrace","lp4b27f","Madeline Hotel & Residences, Auberge Collection",false,"liteapi"
"lp656d909c-1","https://static.cupid.travel/hotels/476535233.jpg","balance & terrace","lp656d909c","Manitou Lodge 5 by Alpine Lodging Telluride",false,"liteapi"
"lp656d909c-3","https://static.cupid.travel/hotels/476535228.jpg","balance & terrace","lp656d909c","Manitou Lodge 5 by Alpine Lodging Telluride",false,"liteapi"
"lp656d90a2-1","https://static.cupid.travel/hotels/476535077.jpg","balance & terrace","lp656d90a2","Manitou Lodge 6 by Alpine Lodging Telluride",false,"liteapi"
"lp656d90a2-3","https://static.cupid.travel/hotels/476535089.jpg","balance & terrace","lp656d90a2","Manitou Lodge 6 by Alpine Lodging Telluride",false,"liteapi"
"lp656d906c-4","https://static.cupid.travel/hotels/476601024.jpg","balance & terrace","lp656d906c","Manitou Lodge 7 by Alpine Lodging Telluride",false,"liteapi"
"lp656c8c09-47","https://static.cupid.travel/hotels/ex_c15cb92c_z.jpg","balance & terrace","lp656c8c09","Modern Comfort River/mtn Views + Hot Tub 1 Bedroom Condo by RedAwning",false,"liteapi"
"lp656c8c09-53","https://static.cupid.travel/hotels/ex_987b89db_z.jpg","balance & terrace","lp656c8c09","Modern Comfort River/mtn Views + Hot Tub 1 Bedroom Condo by RedAwning",false,"liteapi"
"lp656cc585-1","https://static.cupid.travel/hotels/ex_e3ff9f86_z.jpg","balance & terrace","lp656cc585","Mountain Village Home Steps to Ski Lift & Shuttle!",false,"liteapi"
"lp656cc585-2","https://static.cupid.travel/hotels/ex_09f37211_z.jpg","balance & terrace","lp656cc585","Mountain Village Home Steps to Ski Lift & Shuttle!",false,"liteapi"
"lp656cc585-3","https://static.cupid.travel/hotels/ex_f3840a4f_z.jpg","balance & terrace","lp656cc585","Mountain Village Home Steps to Ski Lift & Shuttle!",false,"liteapi"
"lp656cc585-4","https://static.cupid.travel/hotels/ex_f2fa80e1_z.jpg","balance & terrace","lp656cc585","Mountain Village Home Steps to Ski Lift & Shuttle!",false,"liteapi"
"lp656cc585-18","https://static.cupid.travel/hotels/ex_32c517c4_z.jpg","balance & terrace","lp656cc585","Mountain Village Home Steps to Ski Lift & Shuttle!",false,"liteapi"
"lp656cc585-26","https://static.cupid.travel/hotels/ex_d5803532_z.jpg","balance & terrace","lp656cc585","Mountain Village Home Steps to Ski Lift & Shuttle!",false,"liteapi"
"lp656bd420-18","https://static.cupid.travel/hotels/ex_460335d3_z.jpg","balance & terrace","lp656bd420","Mountain Village Marvel w/ Hot Tub & Home Gym!",false,"liteapi"
"lp656bd420-19","https://static.cupid.travel/hotels/ex_a7d922e6_z.jpg","balance & terrace","lp656bd420","Mountain Village Marvel w/ Hot Tub & Home Gym!",false,"liteapi"
"lp656bd420-21","https://static.cupid.travel/hotels/ex_e5c11e4d_z.jpg","balance & terrace","lp656bd420","Mountain Village Marvel w/ Hot Tub & Home Gym!",false,"liteapi"
"lp6577cabb-2","https://static.cupid.travel/hotels/427981801.jpg","balance & terrace","lp6577cabb","Mountain Village Panoramic Views, Hot Tub, Fireplace townhouse",false,"liteapi"
"lp6577cabb-3","https://static.cupid.travel/hotels/427981797.jpg","balance & terrace","lp6577cabb","Mountain Village Panoramic Views, Hot Tub, Fireplace townhouse",false,"liteapi"
"lp6577cabb-4","https://static.cupid.travel/hotels/427981793.jpg","balance & terrace","lp6577cabb","Mountain Village Panoramic Views, Hot Tub, Fireplace townhouse",false,"liteapi"
"lp6577cabb-25","https://static.cupid.travel/hotels/427981788.jpg","balance & terrace","lp6577cabb","Mountain Village Panoramic Views, Hot Tub, Fireplace townhouse",false,"liteapi"
"lp6577cabb-41","https://static.cupid.travel/hotels/427981777.jpg","balance & terrace","lp6577cabb","Mountain Village Panoramic Views, Hot Tub, Fireplace townhouse",false,"liteapi"
"lp6577cabb-52","https://static.cupid.travel/hotels/427981780.jpg","balance & terrace","lp6577cabb","Mountain Village Panoramic Views, Hot Tub, Fireplace townhouse",false,"liteapi"
"lp656c8cd4-6","https://static.cupid.travel/hotels/ex_0ac6ac7d_z.jpg","balance & terrace","lp656c8cd4","Mountainside Inn 101 2 Bedroom Condo by Alpine Lodging Telluride",false,"liteapi"
"lp656c8cd4-11","https://static.cupid.travel/hotels/ex_2fd1b7ad_z.jpg","balance & terrace","lp656c8cd4","Mountainside Inn 101 2 Bedroom Condo by Alpine Lodging Telluride",false,"liteapi"
"lp656c8cd4-13","https://static.cupid.travel/hotels/ex_e0d7ad60_z.jpg","balance & terrace","lp656c8cd4","Mountainside Inn 101 2 Bedroom Condo by Alpine Lodging Telluride",false,"liteapi"
"lp656c8cd4-14","https://static.cupid.travel/hotels/ex_ffabb069_z.jpg","balance & terrace","lp656c8cd4","Mountainside Inn 101 2 Bedroom Condo by Alpine Lodging Telluride",false,"liteapi"
"lp6572e0fc-1","https://static.cupid.travel/hotels/433812803.jpg","balance & terrace","lp6572e0fc","Mountainside Inn 101 by Alpine Lodging Telluride",false,"liteapi"
"lp6572e0fc-8","https://static.cupid.travel/hotels/433812784.jpg","balance & terrace","lp6572e0fc","Mountainside Inn 101 by Alpine Lodging Telluride",false,"liteapi"
"lp6572e0fc-15","https://static.cupid.travel/hotels/433812793.jpg","balance & terrace","lp6572e0fc","Mountainside Inn 101 by Alpine Lodging Telluride",false,"liteapi"
"lpa072f-2","https://static.cupid.travel/hotels/ex_3e53d393_z.jpg","balance & terrace","lpa072f","Muscatel Flats 2 1 Bedroom Condo By Accommodations in Telluride",false,"liteapi"
"lpa05c1-5","https://static.cupid.travel/hotels/ex_656505b4_z.jpg","balance & terrace","lpa05c1","Muscatel Flats 20 1 Bedroom Condo By Accommodations in Telluride",false,"liteapi"
"lpa05c1-7","https://static.cupid.travel/hotels/ex_4caa09c2_z.jpg","balance & terrace","lpa05c1","Muscatel Flats 20 1 Bedroom Condo By Accommodations in Telluride",false,"liteapi"
"lpa05c1-12","https://static.cupid.travel/hotels/ex_ce962da8_z.jpg","balance & terrace","lpa05c1","Muscatel Flats 20 1 Bedroom Condo By Accommodations in Telluride",false,"liteapi"
"lp655837e2-11","https://static.cupid.travel/hotels/ex_f5be715c_z.jpg","balance & terrace","lp655837e2","New San Juan 303 by Avantstay Modern Penthouse w/ Deck Overlooking Main Street",false,"liteapi"
"lp655837e2-22","https://static.cupid.travel/hotels/ex_92f0f32f_z.jpg","balance & terrace","lp655837e2","New San Juan 303 by Avantstay Modern Penthouse w/ Deck Overlooking Main Street",false,"liteapi"
"lp322482-9","https://static.cupid.travel/hotels/ex_cf47220f_z.jpg","balance & terrace","lp322482","North Willow",false,"liteapi"
"lp656ef5fd-1","https://static.cupid.travel/hotels/387728718.jpg","balance & terrace","lp656ef5fd","Northstar 13",false,"liteapi"
"lp656ef5fd-2","https://static.cupid.travel/hotels/387728714.jpg","balance & terrace","lp656ef5fd","Northstar 13",false,"liteapi"
"lp656ee943-2","https://static.cupid.travel/hotels/503213286.jpg","balance & terrace","lp656ee943","Northstar 18",false,"liteapi"
"lp853df-17","https://static.cupid.travel/hotels/387752128.jpg","balance & terrace","lp853df","Outlaw Hideaway",false,"liteapi"
"lp65826c17-1","https://static.cupid.travel/hotels/501943548.jpg","balance & terrace","lp65826c17","Outlaws Creek",false,"liteapi"
"lp65826c17-15","https://static.cupid.travel/hotels/501943569.jpg","balance & terrace","lp65826c17","Outlaws Creek",false,"liteapi"
"lp65826c17-23","https://static.cupid.travel/hotels/501943553.jpg","balance & terrace","lp65826c17","Outlaws Creek",false,"liteapi"
"lp65826c17-30","https://static.cupid.travel/hotels/501943561.jpg","balance & terrace","lp65826c17","Outlaws Creek",false,"liteapi"
"lp657e2d30-2","https://static.cupid.travel/hotels/492978279.jpg","balance & terrace","lp657e2d30","Overlook House home",false,"liteapi"
"lp657e2d30-3","https://static.cupid.travel/hotels/598726123.jpg","balance & terrace","lp657e2d30","Overlook House home",false,"liteapi"
"lp657e2d30-4","https://static.cupid.travel/hotels/492978268.jpg","balance & terrace","lp657e2d30","Overlook House home",false,"liteapi"
"lp657e2d30-32","https://static.cupid.travel/hotels/598726038.jpg","balance & terrace","lp657e2d30","Overlook House home",false,"liteapi"
"lp657e2d30-34","https://static.cupid.travel/hotels/598726045.jpg","balance & terrace","lp657e2d30","Overlook House home",false,"liteapi"
"lp657e2d30-40","https://static.cupid.travel/hotels/598726127.jpg","balance & terrace","lp657e2d30","Overlook House home",false,"liteapi"
"lp657e2d30-44","https://static.cupid.travel/hotels/598726056.jpg","balance & terrace","lp657e2d30","Overlook House home",false,"liteapi"
"lp657e2d30-59","https://static.cupid.travel/hotels/598726053.jpg","balance & terrace","lp657e2d30","Overlook House home",false,"liteapi"
"lp6570d136-32","https://static.cupid.travel/hotels/ex_0e74452b_z.jpg","balance & terrace","lp6570d136","Owl Meadows 23 2 Bedroom Townhouse by RedAwning",false,"liteapi"
"lp6570d136-38","https://static.cupid.travel/hotels/ex_a8487b0f_z.jpg","balance & terrace","lp6570d136","Owl Meadows 23 2 Bedroom Townhouse by RedAwning",false,"liteapi"
"lp65583a45-25","https://static.cupid.travel/hotels/ex_baae9158_z.jpg","balance & terrace","lp65583a45","Owl Meadows 24 by Avantstay Walking Distance to Town & Slopes!",false,"liteapi"
"lpa0525-16","https://static.cupid.travel/hotels/ex_5dc225be_z.jpg","balance & terrace","lpa0525","Pacific Street 3 Bedroom Condo By Accommodations in Telluride",false,"liteapi"
"lp65857dad-1","https://static.cupid.travel/hotels/502018561.jpg","balance & terrace","lp65857dad","Pacifico",false,"liteapi"
"lp65857dad-19","https://static.cupid.travel/hotels/502018558.jpg","balance & terrace","lp65857dad","Pacifico",false,"liteapi"
"lp65857dad-20","https://static.cupid.travel/hotels/502018539.jpg","balance & terrace","lp65857dad","Pacifico",false,"liteapi"
"lp65740624-1","https://static.cupid.travel/hotels/ex_808e3376_z.jpg","balance & terrace","lp65740624","Palmyra 3D by Avantstay Gorgeous Condo in Great Location!",false,"liteapi"
"lp65740624-6","https://static.cupid.travel/hotels/ex_84c23d7a_z.jpg","balance & terrace","lp65740624","Palmyra 3D by Avantstay Gorgeous Condo in Great Location!",false,"liteapi"
"lp655850e2-1","https://static.cupid.travel/hotels/ex_70b1e3c0_z.jpg","balance & terrace","lp655850e2","Pandora by Avantstay Modern Mountain Escape in Great Location @ Entrance of Bear Creek Trail",false,"liteapi"
"lp655850e2-2","https://static.cupid.travel/hotels/ex_c6e398ee_z.jpg","balance & terrace","lp655850e2","Pandora by Avantstay Modern Mountain Escape in Great Location @ Entrance of Bear Creek Trail",false,"liteapi"
"lp656c8bf1-41","https://static.cupid.travel/hotels/ex_bca3ea2e_z.jpg","balance & terrace","lp656c8bf1","Peaceful Home-like Condo Spacious, Private Deck, Fireplace 3 Bedroom Condo by RedAwning",false,"liteapi"
"lp6563b9f6-15","https://static.cupid.travel/hotels/182592078.jpg","balance & terrace","lp6563b9f6","Penthouse By The Gondola",false,"liteapi"
"lp65727462-28","https://static.cupid.travel/hotels/427981727.jpg","balance & terrace","lp65727462","Perfect Location! King Bed, Full Kitchen, Walk to Gondola condo",false,"liteapi"
"lp65583a6a-12","https://static.cupid.travel/hotels/ex_eb1a2a86_z.jpg","balance & terrace","lp65583a6a","Plunge E by Avantstay Gorgeous Townhouse in DT Telluride!",false,"liteapi"
"lp656c790f-1","https://static.cupid.travel/hotels/ex_590b1e23_z.jpg","balance & terrace","lp656c790f","River Club 306 2 Bedroom Condo by Alpine Lodging Telluride",false,"liteapi"
"lp656c8c3f-9","https://static.cupid.travel/hotels/ex_367e9fab_z.jpg","balance & terrace","lp656c8c3f","River Club by Alpine Lodging Telluride",false,"liteapi"
"lp656f31ee-5","https://static.cupid.travel/hotels/488074651.jpg","balance & terrace","lp656f31ee","River Location 2 blocks to lift 7 &to the Gondola",false,"liteapi"
"lp656f274d-39","https://static.cupid.travel/hotels/511038387.jpg","balance & terrace","lp656f274d","River Retreat! Mtn View Balcony, Pool, Hot Tub Viking Lodge 210 condo",false,"liteapi"
"lp656f274d-42","https://static.cupid.travel/hotels/511038348.jpg","balance & terrace","lp656f274d","River Retreat! Mtn View Balcony, Pool, Hot Tub Viking Lodge 210 condo",false,"liteapi"
"lp6558573f-1","https://static.cupid.travel/hotels/ex_0ebc3e65_z.jpg","balance & terrace","lp6558573f","River Watch 4 by Avantstay Great Central Location",false,"liteapi"
"lp656e8a0d-25","https://static.cupid.travel/hotels/446180122.jpg","balance & terrace","lp656e8a0d","Riverfront, blocks to ski - Mtn Views, Hot Tub at Viking Lodge 217 condo",false,"liteapi"
"lp656c8c0a-29","https://static.cupid.travel/hotels/ex_64694fe8_z.jpg","balance & terrace","lp656c8c0a","Riverfront, Blocks To Ski! Mtn Views + Hot Tub @ Viking Lodge 217 1 Bedroom Condo by RedAwning",false,"liteapi"
"lp33e9db-1","https://static.cupid.travel/hotels/ex_51d4e4fe_z.jpg","balance & terrace","lp33e9db","Riverside B02",false,"liteapi"
"lp33e9db-2","https://static.cupid.travel/hotels/ex_dae2556c_z.jpg","balance & terrace","lp33e9db","Riverside B02",false,"liteapi"
"lpf8f28-42","https://static.cupid.travel/hotels/443534834.jpg","balance & terrace","lpf8f28","Riverside Condo, Walk Everywhere Viking Lodge 212 condo",false,"liteapi"
"lp655852ac-3","https://static.cupid.travel/hotels/ex_204a9e3b_z.jpg","balance & terrace","lp655852ac","Riverside Condos A102 by Avantstay Condo Close To Downtown, Town Park & Ski Lift #8",false,"liteapi"
"lp65585321-1","https://static.cupid.travel/hotels/ex_7217ad19_z.jpg","balance & terrace","lp65585321","Riverside Condos A103 by Avantstay Condo Close To Downtown, Town Park & Ski Lift #8",false,"liteapi"
"lp65585321-11","https://static.cupid.travel/hotels/ex_d78de82f_z.jpg","balance & terrace","lp65585321","Riverside Condos A103 by Avantstay Condo Close To Downtown, Town Park & Ski Lift #8",false,"liteapi"
"lp65585321-21","https://static.cupid.travel/hotels/ex_67c90f44_z.jpg","balance & terrace","lp65585321","Riverside Condos A103 by Avantstay Condo Close To Downtown, Town Park & Ski Lift #8",false,"liteapi"
"lp65584d9c-1","https://static.cupid.travel/hotels/ex_33035b04_z.jpg","balance & terrace","lp65584d9c","Riverside Condos B101 by Avantstay Condo Close To Downtown, Town Park & Ski Lift #8",false,"liteapi"
"lp65584d9c-12","https://static.cupid.travel/hotels/ex_d611c012_z.jpg","balance & terrace","lp65584d9c","Riverside Condos B101 by Avantstay Condo Close To Downtown, Town Park & Ski Lift #8",false,"liteapi"
"lp65584d9c-22","https://static.cupid.travel/hotels/ex_0aae76dc_z.jpg","balance & terrace","lp65584d9c","Riverside Condos B101 by Avantstay Condo Close To Downtown, Town Park & Ski Lift #8",false,"liteapi"
"lp655852ef-18","https://static.cupid.travel/hotels/ex_34048c8d_z.jpg","balance & terrace","lp655852ef","Riverside Condos B204 by Avantstay Condo Close To Downtown, Town Park & Ski Lift #8",false,"liteapi"
"lp655852ef-20","https://static.cupid.travel/hotels/ex_7371ccd6_z.jpg","balance & terrace","lp655852ef","Riverside Condos B204 by Avantstay Condo Close To Downtown, Town Park & Ski Lift #8",false,"liteapi"
"lp65583ac7-1","https://static.cupid.travel/hotels/ex_4c722788_z.jpg","balance & terrace","lp65583ac7","Riverside Condos C102 by Avantstay Condo Close To Downtown, Town Park & Ski Lift #8",false,"liteapi"
"lp65583ac7-6","https://static.cupid.travel/hotels/ex_b4ee7aed_z.jpg","balance & terrace","lp65583ac7","Riverside Condos C102 by Avantstay Condo Close To Downtown, Town Park & Ski Lift #8",false,"liteapi"
"lp65584f8c-8","https://static.cupid.travel/hotels/ex_842f4206_z.jpg","balance & terrace","lp65584f8c","Riverside Condos C202 by Avantstay Condo Close To Downtown, Town Park & Ski Lift #8",false,"liteapi"
"lp65584faf-3","https://static.cupid.travel/hotels/ex_79c04159_z.jpg","balance & terrace","lp65584faf","Riverside Condos D01 by Avantstay Condo Close To Downtown, Town Park & Ski Lift #8",false,"liteapi"
"lp65584faf-18","https://static.cupid.travel/hotels/ex_dec829b7_z.jpg","balance & terrace","lp65584faf","Riverside Condos D01 by Avantstay Condo Close To Downtown, Town Park & Ski Lift #8",false,"liteapi"
"lp65584faf-19","https://static.cupid.travel/hotels/ex_w3816h2560x0y0-56413c13_z.jpg","balance & terrace","lp65584faf","Riverside Condos D01 by Avantstay Condo Close To Downtown, Town Park & Ski Lift #8",false,"liteapi"
"lp656c8c28-1","https://static.cupid.travel/hotels/ex_ba1720ae_z.jpg","balance & terrace","lp656c8c28","Riverside Dream! Quiet Spot W Deck, 5 Min Walk To Gondola & Main St. 2 Bedroom Condo by RedAwning",false,"liteapi"
"lp656c8c28-38","https://static.cupid.travel/hotels/ex_29c8e69c_z.jpg","balance & terrace","lp656c8c28","Riverside Dream! Quiet Spot W Deck, 5 Min Walk To Gondola & Main St. 2 Bedroom Condo by RedAwning",false,"liteapi"
"lp6573c733-3","https://static.cupid.travel/hotels/592729697.jpg","balance & terrace","lp6573c733","Riverside Retreat at Viking Lodge - location!",false,"liteapi"
"lp6573c733-4","https://static.cupid.travel/hotels/592730159.jpg","balance & terrace","lp6573c733","Riverside Retreat at Viking Lodge - location!",false,"liteapi"
"lp6573c733-15","https://static.cupid.travel/hotels/592729739.jpg","balance & terrace","lp6573c733","Riverside Retreat at Viking Lodge - location!",false,"liteapi"
"lp655852aa-22","https://static.cupid.travel/hotels/ex_b697917e_z.jpg","balance & terrace","lp655852aa","Russell Home by Avantstay Expansive Deck, Stunning Views & Hot Tub!",false,"liteapi"
"lp655852aa-29","https://static.cupid.travel/hotels/ex_c30d83fa_z.jpg","balance & terrace","lp655852aa","Russell Home by Avantstay Expansive Deck, Stunning Views & Hot Tub!",false,"liteapi"
"lp65770691-2","https://static.cupid.travel/hotels/599922481.jpg","balance & terrace","lp65770691","Ski In out Remodeled Luxury Condo",false,"liteapi"
"lp656c8c2f-8","https://static.cupid.travel/hotels/ex_eac99ee4_z.jpg","balance & terrace","lp656c8c2f","Ski In/out In Town! Ski Area Views, Fireplace, Hot Tub 2 Bedroom Condo by RedAwning",false,"liteapi"
"lp656c8c2f-34","https://static.cupid.travel/hotels/ex_8ff37c2c_z.jpg","balance & terrace","lp656c8c2f","Ski In/out In Town! Ski Area Views, Fireplace, Hot Tub 2 Bedroom Condo by RedAwning",false,"liteapi"
"lp656c8be5-1","https://static.cupid.travel/hotels/ex_6327ca98_z.jpg","balance & terrace","lp656c8be5","Ski In/out Lift 7! Deck, Hot Tub, Garage Parking 2 Bedroom Condo by RedAwning",false,"liteapi"
"lp656c8be5-5","https://static.cupid.travel/hotels/ex_0646487f_z.jpg","balance & terrace","lp656c8be5","Ski In/out Lift 7! Deck, Hot Tub, Garage Parking 2 Bedroom Condo by RedAwning",false,"liteapi"
"lp656c8be5-16","https://static.cupid.travel/hotels/ex_06dd118d_z.jpg","balance & terrace","lp656c8be5","Ski In/out Lift 7! Deck, Hot Tub, Garage Parking 2 Bedroom Condo by RedAwning",false,"liteapi"
"lp656c8bb3-3","https://static.cupid.travel/hotels/ex_41734fd2_z.jpg","balance & terrace","lp656c8bb3","Slopeside Paradise Penthouse At Lift 7, Views, Fireplace, Deck, Hot Tub 3 Bedroom Condo by RedAwning",false,"liteapi"
"lp656c8bb3-10","https://static.cupid.travel/hotels/ex_7a0ee016_z.jpg","balance & terrace","lp656c8bb3","Slopeside Paradise Penthouse At Lift 7, Views, Fireplace, Deck, Hot Tub 3 Bedroom Condo by RedAwning",false,"liteapi"
"lp65712210-1","https://static.cupid.travel/hotels/603177355.jpg","balance & terrace","lp65712210","Slopeside Paradise Penthouse at Lift 7, Views, Fireplace, Deck, Hot Tub condo",false,"liteapi"
"lp65712210-30","https://static.cupid.travel/hotels/603177350.jpg","balance & terrace","lp65712210","Slopeside Paradise Penthouse at Lift 7, Views, Fireplace, Deck, Hot Tub condo",false,"liteapi"
"lp65585233-11","https://static.cupid.travel/hotels/ex_6bb95797_z.jpg","balance & terrace","lp65585233","Smuggler F by Avantstay Gorgeous Condo Close To Lift 7",false,"liteapi"
"lp656c8c69-35","https://static.cupid.travel/hotels/ex_8be8e258_z.jpg","balance & terrace","lp656c8c69","Snowy Peak Views From Living Room, 2 Parking Spaces, Walk To Ski 1 Bedroom Condo by RedAwning",false,"liteapi"
"lp6570aca2-1","https://static.cupid.travel/hotels/427982341.jpg","balance & terrace","lp6570aca2","Snowy Peak Views from Living Room, 2 Parking Spaces, Walk to Ski condo",false,"liteapi"
"lp6570aca2-2","https://static.cupid.travel/hotels/427982342.jpg","balance & terrace","lp6570aca2","Snowy Peak Views from Living Room, 2 Parking Spaces, Walk to Ski condo",false,"liteapi"
"lp3224f9-5","https://static.cupid.travel/hotels/ex_431a4d20_z.jpg","balance & terrace","lp3224f9","South Pacific",false,"liteapi"
"lp3224f9-7","https://static.cupid.travel/hotels/ex_1cb80f5d_z.jpg","balance & terrace","lp3224f9","South Pacific",false,"liteapi"
"lp3224f9-41","https://static.cupid.travel/hotels/ex_41e56cbb_z.jpg","balance & terrace","lp3224f9","South Pacific",false,"liteapi"
"lp3224f9-42","https://static.cupid.travel/hotels/ex_388e004e_z.jpg","balance & terrace","lp3224f9","South Pacific",false,"liteapi"
"lp656c8519-13","https://static.cupid.travel/hotels/ex_47b1a145_z.jpg","balance & terrace","lp656c8519","Steps To Gondola, Lift 8 Modern Hideaway Spiral Stairs 11 2 Bedroom Condo by RedAwning",false,"liteapi"
"lp656c8519-15","https://static.cupid.travel/hotels/ex_824f5ad7_z.jpg","balance & terrace","lp656c8519","Steps To Gondola, Lift 8 Modern Hideaway Spiral Stairs 11 2 Bedroom Condo by RedAwning",false,"liteapi"
"lp656f5520-28","https://static.cupid.travel/hotels/427982238.jpg","balance & terrace","lp656f5520","Stylish Convenience! Short Walk to Lifts, Gondola, Main St, Fall Line 210 condo",false,"liteapi"
"lp656c8c43-2","https://static.cupid.travel/hotels/ex_f83efb44_z.jpg","balance & terrace","lp656c8c43","Stylish Convenience! Short Walk To Lifts, Gondola, Main St. @ Fall Line 210 2 Bedroom Condo by RedAwning",false,"liteapi"
"lp656c8c43-15","https://static.cupid.travel/hotels/ex_6e6f6513_z.jpg","balance & terrace","lp656c8c43","Stylish Convenience! Short Walk To Lifts, Gondola, Main St. @ Fall Line 210 2 Bedroom Condo by RedAwning",false,"liteapi"
"lp6558533b-22","https://static.cupid.travel/hotels/ex_6c47f323_z.jpg","balance & terrace","lp6558533b","Sugarloaf by Avantstay Telluride Home In Great Location Near the Slopes!",false,"liteapi"
"lp6572e807-1","https://static.cupid.travel/hotels/ex_ef5dd194_z.jpg","balance & terrace","lp6572e807","Sundance Condos 202 by Avantstay Great Condo in Telluride Close to Downtown",false,"liteapi"
"lp656c8c26-19","https://static.cupid.travel/hotels/ex_6eba6472_z.jpg","balance & terrace","lp656c8c26","Sunny Condo, Box Canyon Views, Pool + Hot Tub 2 Bedroom Condo by RedAwning",false,"liteapi"
"lp657e126d-1","https://static.cupid.travel/hotels/551762407.jpg","balance & terrace","lp657e126d","Telluride Lodge Your mountain gateaway",false,"liteapi"
"lp656bccd5-14","https://static.cupid.travel/hotels/ex_5aa6db0a_z.jpg","balance & terrace","lp656bccd5","Telluride Mountain Chalet w/ Gym, Hot Tub & Views!",false,"liteapi"
"lp656bccd5-21","https://static.cupid.travel/hotels/ex_6f7c1afe_z.jpg","balance & terrace","lp656bccd5","Telluride Mountain Chalet w/ Gym, Hot Tub & Views!",false,"liteapi"
"lp658492a5-3","https://static.cupid.travel/hotels/414612635.jpg","balance & terrace","lp658492a5","Telluride Penthouse",false,"liteapi"
"lp658492a5-42","https://static.cupid.travel/hotels/414632845.jpg","balance & terrace","lp658492a5","Telluride Penthouse",false,"liteapi"
"lp658492a5-46","https://static.cupid.travel/hotels/414630012.jpg","balance & terrace","lp658492a5","Telluride Penthouse",false,"liteapi"
"lp658492a5-48","https://static.cupid.travel/hotels/414631669.jpg","balance & terrace","lp658492a5","Telluride Penthouse",false,"liteapi"
"lp65709d3e-1","https://static.cupid.travel/hotels/601029990.jpg","balance & terrace","lp65709d3e","Telluride Resort View at Double Diamond - ski-in-out and hot tub!",false,"liteapi"
"lp65709d3e-15","https://static.cupid.travel/hotels/601029991.jpg","balance & terrace","lp65709d3e","Telluride Resort View at Double Diamond - ski-in-out and hot tub!",false,"liteapi"
"lp65751352-11","https://static.cupid.travel/hotels/454117068.jpg","balance & terrace","lp65751352","The Creekside Retreat: Steps to all of Telluride",false,"liteapi"
"lp656a7cb9-1","https://static.cupid.travel/hotels/285289156.jpg","balance & terrace","lp656a7cb9","The Tucker Inn",false,"liteapi"
"lp656a7cb9-10","https://static.cupid.travel/hotels/285289154.jpg","balance & terrace","lp656a7cb9","The Tucker Inn",false,"liteapi"
"lp65709e3d-1","https://static.cupid.travel/hotels/427982376.jpg","balance & terrace","lp65709e3d","Top Floor Condo with Balcony - Steps To Lifts & Main Street condo",false,"liteapi"
"lp65709e3d-31","https://static.cupid.travel/hotels/545617455.jpg","balance & terrace","lp65709e3d","Top Floor Condo with Balcony - Steps To Lifts & Main Street condo",false,"liteapi"
"lp6558530e-2","https://static.cupid.travel/hotels/ex_d5a042d8_z.jpg","balance & terrace","lp6558530e","Townhome on the Creek 135 by Avantstay Ski In/ Ski Out Home w/ Hot Tub",false,"liteapi"
"lp6558530e-10","https://static.cupid.travel/hotels/ex_d53f9270_z.jpg","balance & terrace","lp6558530e","Townhome on the Creek 135 by Avantstay Ski In/ Ski Out Home w/ Hot Tub",false,"liteapi"
"lp6558530e-14","https://static.cupid.travel/hotels/ex_621f9c44_z.jpg","balance & terrace","lp6558530e","Townhome on the Creek 135 by Avantstay Ski In/ Ski Out Home w/ Hot Tub",false,"liteapi"
"lp6558530e-19","https://static.cupid.travel/hotels/ex_341ec7f7_z.jpg","balance & terrace","lp6558530e","Townhome on the Creek 135 by Avantstay Ski In/ Ski Out Home w/ Hot Tub",false,"liteapi"
"lp6558530e-32","https://static.cupid.travel/hotels/ex_0c843f51_z.jpg","balance & terrace","lp6558530e","Townhome on the Creek 135 by Avantstay Ski In/ Ski Out Home w/ Hot Tub",false,"liteapi"
"lp656c8bce-29","https://static.cupid.travel/hotels/ex_2984a65c_z.jpg","balance & terrace","lp656c8bce","Valley Floor Dream W/ Fireplace Year-round Trail Access, 3 Min To Town 2 Bedroom Condo by RedAwning",false,"liteapi"
"lp6558355e-12","https://static.cupid.travel/hotels/ex_b2480d6a_z.jpg","balance & terrace","lp6558355e","Viking Lodge 103 by Avantstay Stunning Condo, Near Ski Lift",false,"liteapi"
"lp656c10b9-3","https://static.cupid.travel/hotels/ex_17a71615_z.jpg","balance & terrace","lp656c10b9","Viking Lodge 209 by Avantstay Great Ski Access, Walk to Downtown",false,"liteapi"
"lp656c10b7-6","https://static.cupid.travel/hotels/ex_6e9d12f8_z.jpg","balance & terrace","lp656c10b7","Viking Lodge 216 by Avantstay Great Ski Access, Walk to Downtown",false,"liteapi"
"lpbd334-4","https://static.cupid.travel/hotels/ex_8e78af9f_z.jpg","balance & terrace","lpbd334","Village Creek 8",false,"liteapi"
"lpbd334-12","https://static.cupid.travel/hotels/ex_1f07268e_z.jpg","balance & terrace","lpbd334","Village Creek 8",false,"liteapi"
"lpbd334-13","https://static.cupid.travel/hotels/ex_474f57a9_z.jpg","balance & terrace","lpbd334","Village Creek 8",false,"liteapi"
"lp656c8bd8-1","https://static.cupid.travel/hotels/ex_f3d30ae8_z.jpg","balance & terrace","lp656c8bd8","Villas At Cortina 1 4 Bedroom Condo by Alpine Lodging Telluride",false,"liteapi"
"lp656c8bd8-17","https://static.cupid.travel/hotels/ex_58098b22_z.jpg","balance & terrace","lp656c8bd8","Villas At Cortina 1 4 Bedroom Condo by Alpine Lodging Telluride",false,"liteapi"
"lp656c8bd8-23","https://static.cupid.travel/hotels/ex_d3b6f9d0_z.jpg","balance & terrace","lp656c8bd8","Villas At Cortina 1 4 Bedroom Condo by Alpine Lodging Telluride",false,"liteapi"
"lp656c8bbd-1","https://static.cupid.travel/hotels/ex_42df997f_z.jpg","balance & terrace","lp656c8bbd","Villas At Cortina 4 3 Bedroom Condo by Alpine Lodging Telluride",false,"liteapi"
"lp6574975f-5","https://static.cupid.travel/hotels/426199625.jpg","balance & terrace","lp6574975f","Villas at Cortina 4 by Alpine Lodging Telluride",false,"liteapi"
"lp656c8be7-1","https://static.cupid.travel/hotels/ex_cd4d94b6_z.jpg","balance & terrace","lp656c8be7","Villas At Cortina Penthouse 10 4 Bedroom Condo by Alpine Lodging Telluride",false,"liteapi"
"lp65745e69-4","https://static.cupid.travel/hotels/428887958.jpg","balance & terrace","lp65745e69","Villas at Cortina Penthouse 10 by Alpine Lodging Telluride",false,"liteapi"
"lp656c84f7-1","https://static.cupid.travel/hotels/ex_976398b7_z.jpg","balance & terrace","lp656c84f7","Villas At Cortina Penthouse 11 3 Bedroom Condo by Alpine Lodging Telluride",false,"liteapi"
"lp656c84f7-5","https://static.cupid.travel/hotels/ex_29b51944_z.jpg","balance & terrace","lp656c84f7","Villas At Cortina Penthouse 11 3 Bedroom Condo by Alpine Lodging Telluride",false,"liteapi"
"lp656c84f7-18","https://static.cupid.travel/hotels/ex_eb5197d5_z.jpg","balance & terrace","lp656c84f7","Villas At Cortina Penthouse 11 3 Bedroom Condo by Alpine Lodging Telluride",false,"liteapi"
"lp656c84f7-22","https://static.cupid.travel/hotels/ex_a3afd553_z.jpg","balance & terrace","lp656c84f7","Villas At Cortina Penthouse 11 3 Bedroom Condo by Alpine Lodging Telluride",false,"liteapi"
"lp65583aca-18","https://static.cupid.travel/hotels/ex_4b65bea3_z.jpg","balance & terrace","lp65583aca","Villas At Tristant 137 by Avantstay Ski In/ Ski Out Home w/ Panoramic Views & Hot Tub",false,"liteapi"
"lp656c8bf6-27","https://static.cupid.travel/hotels/ex_cc6742bc_z.jpg","balance & terrace","lp656c8bf6","Walk To Ski! Bay Window View Of River & Ski Mountain 1 Bedroom Condo by RedAwning",false,"liteapi"
"lp656c852d-24","https://static.cupid.travel/hotels/ex_9d6b26a2_z.jpg","balance & terrace","lp656c852d","West End Walk To Lift 7 Hot Tub, Parking, Open Kitchen + Living Space 2 Bedroom Condo by RedAwning",false,"liteapi"
"lpd1513-1","https://static.cupid.travel/hotels/299813378.jpg","balance & terrace","lpd1513","Westermere 310 - Westermere Sunset",false,"liteapi"
"lpd1513-8","https://static.cupid.travel/hotels/299813380.jpg","balance & terrace","lpd1513","Westermere 310 - Westermere Sunset",false,"liteapi"
"lp65584fae-1","https://static.cupid.travel/hotels/ex_1e66438f_z.jpg","balance & terrace","lp65584fae","Westermere 311 - 2 by Avantstay Just Steps From Ski Area w/ Great Views!",false,"liteapi"
"lp65584fac-1","https://static.cupid.travel/hotels/ex_498970ac_z.jpg","balance & terrace","lp65584fac","Westermere 311 by Avantstay Gorgeous Condo In Great Location!",false,"liteapi"