id,original_url,large_url,medium_url,small_url,width,height,photographer,photographer_url,alt,query,source
zODrELAiiG4,https://images.unsplash.com/photo-1663946642549?fm=jpg&q=80,https://images.unsplash.com/photo-1663946642549?fm=jpg&q=80&w=1920,https://images.unsplash.com/photo-1663946642549?fm=jpg&q=80&w=1200,https://images.unsplash.com/photo-1663946642549?fm=jpg&q=80&w=800,5240,3924,Unsplash+ Community,https://unsplash.com/@plus,"an aerial view of a grassy area with a bird's eye view of the",telluride,unsplash
2qKgMxC8iAg,https://images.unsplash.com/photo-1564779443480?fm=jpg&q=80,https://images.unsplash.com/photo-1564779443480?fm=jpg&q=80&w=1920,https://images.unsplash.com/photo-1564779443480?fm=jpg&q=80&w=1200,https://images.unsplash.com/photo-1564779443480?fm=jpg&q=80&w=800,7360,4912,Chad Madden,https://unsplash.com/@chadmadden,field of green trees,telluride,unsplash
ODvgdXxGhzQ,https://images.unsplash.com/photo-1636488321018?fm=jpg&q=80,https://images.unsplash.com/photo-1636488321018?fm=jpg&q=80&w=1920,https://images.unsplash.com/photo-1636488321018?fm=jpg&q=80&w=1200,https://images.unsplash.com/photo-1636488321018?fm=jpg&q=80&w=800,2963,6801,Cole Marshall,https://unsplash.com/@colemarshall,"a street lined with buildings and mountains under a cloudy sky",telluride,unsplash
qsB6LvbJyh4,https://images.unsplash.com/photo-1608945065409?fm=jpg&q=80,https://images.unsplash.com/photo-1608945065409?fm=jpg&q=80&w=1920,https://images.unsplash.com/photo-1608945065409?fm=jpg&q=80&w=1200,https://images.unsplash.com/photo-1608945065409?fm=jpg&q=80&w=800,6000,4000,Jesse Paul,https://unsplash.com/@jesseapaul,cable car over green trees and mountain during daytime,telluride,unsplash
AizIwrwbB5c,https://images.unsplash.com/photo-1712507822841?fm=jpg&q=80,https://images.unsplash.com/photo-1712507822841?fm=jpg&q=80&w=1920,https://images.unsplash.com/photo-1712507822841?fm=jpg&q=80&w=1200,https://images.unsplash.com/photo-1712507822841?fm=jpg&q=80&w=800,6000,4000,Alex Shuper,https://unsplash.com/@alexshuperart,a close up view of a rock face,telluride,unsplash
5bMj6krNKiM,https://images.unsplash.com/photo-1540235617245?fm=jpg&q=80,https://images.unsplash.com/photo-1540235617245?fm=jpg&q=80&w=1920,https://images.unsplash.com/photo-1540235617245?fm=jpg&q=80&w=1200,https://images.unsplash.com/photo-1540235617245?fm=jpg&q=80&w=800,4946,3114,Alex Fredrich,https://unsplash.com/@afreddy14,green forest,telluride,unsplash
yWxdXtA5AYw,https://images.unsplash.com/photo-1541169477997?fm=jpg&q=80,https://images.unsplash.com/photo-1541169477997?fm=jpg&q=80&w=1920,https://images.unsplash.com/photo-1541169477997?fm=jpg&q=80&w=1200,https://images.unsplash.com/photo-1541169477997?fm=jpg&q=80&w=800,5880,3920,Jack Millard,https://unsplash.com/@millarjb,highway leading to mountain,telluride,unsplash
Momc9B6BmZ8,https://images.unsplash.com/photo-1446816478302?fm=jpg&q=80,https://images.unsplash.com/photo-1446816478302?fm=jpg&q=80&w=1920,https://images.unsplash.com/photo-1446816478302?fm=jpg&q=80&w=1200,https://images.unsplash.com/photo-1446816478302?fm=jpg&q=80&w=800,3264,2448,Daniel Ribar,https://unsplash.com/@bigdanribar,aerial photograph of city between mountains,telluride,unsplash
J1-FS6kVSc4,https://images.unsplash.com/photo-1664640458482?fm=jpg&q=80,https://images.unsplash.com/photo-1664640458482?fm=jpg&q=80&w=1920,https://images.unsplash.com/photo-1664640458482?fm=jpg&q=80&w=1200,https://images.unsplash.com/photo-1664640458482?fm=jpg&q=80&w=800,6000,4000,Susan Wilkinson,https://unsplash.com/@susan_wilkinson,an abstract image of a flower and leaves,telluride,unsplash
_sdVVMqD64w,https://images.unsplash.com/photo-1693340201806?fm=jpg&q=80,https://images.unsplash.com/photo-1693340201806?fm=jpg&q=80&w=1920,https://images.unsplash.com/photo-1693340201806?fm=jpg&q=80&w=1200,https://images.unsplash.com/photo-1693340201806?fm=jpg&q=80&w=800,4399,6599,Eslie Rodriguez,https://unsplash.com/@jannell3,a group of people riding bikes down a street,telluride,unsplash
n_H18-ujYls,https://images.unsplash.com/photo-1705521654480?fm=jpg&q=80,https://images.unsplash.com/photo-1705521654480?fm=jpg&q=80&w=1920,https://images.unsplash.com/photo-1705521654480?fm=jpg&q=80&w=1200,https://images.unsplash.com/photo-1705521654480?fm=jpg&q=80&w=800,4333,6500,Jeff Heaton,https://unsplash.com/@heatonthetrail,"a view of a mountain range with yellow trees in the foreground",telluride,unsplash
wIYLX_wNQho,https://images.unsplash.com/photo-1475549343237?fm=jpg&q=80,https://images.unsplash.com/photo-1475549343237?fm=jpg&q=80&w=1920,https://images.unsplash.com/photo-1475549343237?fm=jpg&q=80&w=1200,https://images.unsplash.com/photo-1475549343237?fm=jpg&q=80&w=800,5760,3840,Thomas Kelley,https://unsplash.com/@thkelley,mountain covered with snow under white clouds during daytime,telluride,unsplash
uPopJCGdtnw,https://images.unsplash.com/photo-1683141098259?fm=jpg&q=80,https://images.unsplash.com/photo-1683141098259?fm=jpg&q=80&w=1920,https://images.unsplash.com/photo-1683141098259?fm=jpg&q=80&w=1200,https://images.unsplash.com/photo-1683141098259?fm=jpg&q=80&w=800,4800,4800,Getty Images,https://unsplash.com/@gettyimages,"Abstract white smooth waves digital illustration. Beautiful presentation template for concept design. Liquid flow effect. Glow shiny background. 3d rendering",telluride,unsplash
Ve4kMaBh4_I,https://images.unsplash.com/photo-1688599130405?fm=jpg&q=80,https://images.unsplash.com/photo-1688599130405?fm=jpg&q=80&w=1920,https://images.unsplash.com/photo-1688599130405?fm=jpg&q=80&w=1200,https://images.unsplash.com/photo-1688599130405?fm=jpg&q=80&w=800,6000,4000,Mick Kirchman,https://unsplash.com/@mickkirch,a person walking on a trail in the woods,telluride,unsplash
VnJz-litK4g,https://images.unsplash.com/photo-1706049033957?fm=jpg&q=80,https://images.unsplash.com/photo-1706049033957?fm=jpg&q=80&w=1920,https://images.unsplash.com/photo-1706049033957?fm=jpg&q=80&w=1200,https://images.unsplash.com/photo-1706049033957?fm=jpg&q=80&w=800,6869,4579,Jeff Heaton,https://unsplash.com/@heatonthetrail,a ski lift in the middle of a forest,telluride,unsplash
0cW66WSTBPM,https://images.unsplash.com/photo-1610141432413?fm=jpg&q=80,https://images.unsplash.com/photo-1610141432413?fm=jpg&q=80&w=1920,https://images.unsplash.com/photo-1610141432413?fm=jpg&q=80&w=1200,https://images.unsplash.com/photo-1610141432413?fm=jpg&q=80&w=800,5760,3840,Joe Dudeck,https://unsplash.com/@joetography,brown and green mountains under white clouds during daytime,telluride,unsplash
jDuBoU5vlDw,https://images.unsplash.com/photo-1675264398563?fm=jpg&q=80,https://images.unsplash.com/photo-1675264398563?fm=jpg&q=80&w=1920,https://images.unsplash.com/photo-1675264398563?fm=jpg&q=80&w=1200,https://images.unsplash.com/photo-1675264398563?fm=jpg&q=80&w=800,6240,4160,Slashio Photography,https://unsplash.com/@slashiophotography,a close up of a stone wall with moss growing on it,telluride,unsplash
0bYPCJQrXnw,https://images.unsplash.com/photo-1465239040612?fm=jpg&q=80,https://images.unsplash.com/photo-1465239040612?fm=jpg&q=80&w=1920,https://images.unsplash.com/photo-1465239040612?fm=jpg&q=80&w=1200,https://images.unsplash.com/photo-1465239040612?fm=jpg&q=80&w=800,4849,3233,Kyle Cesmat,https://unsplash.com/@kylecesmat,aerial photography of mountain and trees,telluride,unsplash
vxo4H2R6Cm0,https://images.unsplash.com/photo-1561924301?fm=jpg&q=80,https://images.unsplash.com/photo-1561924301?fm=jpg&q=80&w=1920,https://images.unsplash.com/photo-1561924301?fm=jpg&q=80&w=1200,https://images.unsplash.com/photo-1561924301?fm=jpg&q=80&w=800,7360,4912,Chad Madden,https://unsplash.com/@chadmadden,green trees beside waterfall during daytime,telluride,unsplash
YBo_QnKpOnw,https://images.unsplash.com/photo-1627578057698?fm=jpg&q=80,https://images.unsplash.com/photo-1627578057698?fm=jpg&q=80&w=1920,https://images.unsplash.com/photo-1627578057698?fm=jpg&q=80&w=1200,https://images.unsplash.com/photo-1627578057698?fm=jpg&q=80&w=800,4032,3024,Christine Finkelson,https://unsplash.com/@cfinkelson,brown and white mountain under blue sky during daytime,telluride,unsplash
mJwYIXwkUEY,https://images.unsplash.com/photo-1668792545110?fm=jpg&q=80,https://images.unsplash.com/photo-1668792545110?fm=jpg&q=80&w=1920,https://images.unsplash.com/photo-1668792545110?fm=jpg&q=80&w=1200,https://images.unsplash.com/photo-1668792545110?fm=jpg&q=80&w=800,5272,3948,Unsplash+ Community,https://unsplash.com/@plus,a black and white photo of snow on the ground,telluride,unsplash
NNcBj2JHuFA,https://images.unsplash.com/photo-1705521623022?fm=jpg&q=80,https://images.unsplash.com/photo-1705521623022?fm=jpg&q=80&w=1920,https://images.unsplash.com/photo-1705521623022?fm=jpg&q=80&w=1200,https://images.unsplash.com/photo-1705521623022?fm=jpg&q=80&w=800,6500,4333,Jeff Heaton,https://unsplash.com/@heatonthetrail,a ski lift going up a mountain with trees in the foreground,telluride,unsplash
7hqyjZXU7IQ,https://images.unsplash.com/photo-1561831710?fm=jpg&q=80,https://images.unsplash.com/photo-1561831710?fm=jpg&q=80&w=1920,https://images.unsplash.com/photo-1561831710?fm=jpg&q=80&w=1200,https://images.unsplash.com/photo-1561831710?fm=jpg&q=80&w=800,4912,7360,Chad Madden,https://unsplash.com/@chadmadden,green leaf tree beside mountain,telluride,unsplash
QoNGFy8VNyw,https://images.unsplash.com/photo-1659584079553?fm=jpg&q=80,https://images.unsplash.com/photo-1659584079553?fm=jpg&q=80&w=1920,https://images.unsplash.com/photo-1659584079553?fm=jpg&q=80&w=1200,https://images.unsplash.com/photo-1659584079553?fm=jpg&q=80&w=800,6000,4000,Andres Molina,https://unsplash.com/@nomadicfitlust,a waterfall in a rocky area,telluride,unsplash
NDIiOAn0nvg,https://images.unsplash.com/photo-1669752004815?fm=jpg&q=80,https://images.unsplash.com/photo-1669752004815?fm=jpg&q=80&w=1920,https://images.unsplash.com/photo-1669752004815?fm=jpg&q=80&w=1200,https://images.unsplash.com/photo-1669752004815?fm=jpg&q=80&w=800,4000,6000,Susan Wilkinson,https://unsplash.com/@susan_wilkinson,an abstract image of a purple and white background,telluride,unsplash
0PHX9b70KcI,https://images.unsplash.com/photo-1630507119234?fm=jpg&q=80,https://images.unsplash.com/photo-1630507119234?fm=jpg&q=80&w=1920,https://images.unsplash.com/photo-1630507119234?fm=jpg&q=80&w=1200,https://images.unsplash.com/photo-1630507119234?fm=jpg&q=80&w=800,7952,5304,Zach Betten,https://unsplash.com/@bettenz,green trees on mountain under blue sky during daytime,telluride,unsplash
61afmLPHbrs,https://images.unsplash.com/photo-1738975293699?fm=jpg&q=80,https://images.unsplash.com/photo-1738975293699?fm=jpg&q=80&w=1920,https://images.unsplash.com/photo-1738975293699?fm=jpg&q=80&w=1200,https://images.unsplash.com/photo-1738975293699?fm=jpg&q=80&w=800,3072,4096,Richard Lu,https://unsplash.com/@skyfly_rich,A bird sitting on a rail in front of a stop sign,telluride,unsplash
7TefgU6fOdA,https://images.unsplash.com/photo-1738975293784?fm=jpg&q=80,https://images.unsplash.com/photo-1738975293784?fm=jpg&q=80&w=1920,https://images.unsplash.com/photo-1738975293784?fm=jpg&q=80&w=1200,https://images.unsplash.com/photo-1738975293784?fm=jpg&q=80&w=800,3072,4096,Richard Lu,https://unsplash.com/@skyfly_rich,A snow covered mountain is in the distance,telluride,unsplash
vgwxzbvJEic,https://images.unsplash.com/photo-1624235830666?fm=jpg&q=80,https://images.unsplash.com/photo-1624235830666?fm=jpg&q=80&w=1920,https://images.unsplash.com/photo-1624235830666?fm=jpg&q=80&w=1200,https://images.unsplash.com/photo-1624235830666?fm=jpg&q=80&w=800,5706,3210,Logan Gutierrez,https://unsplash.com/@photosoflogan,grayscale photo of man sitting on chair near window,telluride,unsplash
fpMuKsNLEeQ,https://images.unsplash.com/photo-1724430553516?fm=jpg&q=80,https://images.unsplash.com/photo-1724430553516?fm=jpg&q=80&w=1920,https://images.unsplash.com/photo-1724430553516?fm=jpg&q=80&w=1200,https://images.unsplash.com/photo-1724430553516?fm=jpg&q=80&w=800,3610,1998,Matt Gross,https://unsplash.com/@mattkgross,A green field with a mountain in the background,telluride,unsplash
IbB4-a90o4U,https://images.unsplash.com/photo-1505876944549?fm=jpg&q=80,https://images.unsplash.com/photo-1505876944549?fm=jpg&q=80&w=1920,https://images.unsplash.com/photo-1505876944549?fm=jpg&q=80&w=1200,https://images.unsplash.com/photo-1505876944549?fm=jpg&q=80&w=800,4032,3024,Kyle Brumm,https://unsplash.com/@kylebrumm,aerial photography of green tree,telluride,unsplash
R34HD3SF2OA,https://images.unsplash.com/photo-1739114056573?fm=jpg&q=80,https://images.unsplash.com/photo-1739114056573?fm=jpg&q=80&w=1920,https://images.unsplash.com/photo-1739114056573?fm=jpg&q=80&w=1200,https://images.unsplash.com/photo-1739114056573?fm=jpg&q=80&w=800,4096,3072,Richard Lu,https://unsplash.com/@skyfly_rich,A red van parked in front of a brick building,telluride,unsplash
v8OMbki8sCs,https://images.unsplash.com/photo-1576001002413?fm=jpg&q=80,https://images.unsplash.com/photo-1576001002413?fm=jpg&q=80&w=1920,https://images.unsplash.com/photo-1576001002413?fm=jpg&q=80&w=1200,https://images.unsplash.com/photo-1576001002413?fm=jpg&q=80&w=800,5472,3648,David Wirzba,https://unsplash.com/@psalms,aerial view of trees beside rock formation,telluride,unsplash
i4yWhHAXhFI,https://images.unsplash.com/photo-1725656704324?fm=jpg&q=80,https://images.unsplash.com/photo-1725656704324?fm=jpg&q=80&w=1920,https://images.unsplash.com/photo-1725656704324?fm=jpg&q=80&w=1200,https://images.unsplash.com/photo-1725656704324?fm=jpg&q=80&w=800,2750,1911,Joseph Lemos,https://unsplash.com/@lemojos2,A view of a mountain range with trees in the foreground,telluride,unsplash
OGjGVesS3fM,https://images.unsplash.com/photo-1725656704309?fm=jpg&q=80,https://images.unsplash.com/photo-1725656704309?fm=jpg&q=80&w=1920,https://images.unsplash.com/photo-1725656704309?fm=jpg&q=80&w=1200,https://images.unsplash.com/photo-1725656704309?fm=jpg&q=80&w=800,2750,1833,Joseph Lemos,https://unsplash.com/@lemojos2,A grassy field with trees and mountains in the background,telluride,unsplash
ssqmRUKZvPk,https://images.unsplash.com/photo-1636757218055?fm=jpg&q=80,https://images.unsplash.com/photo-1636757218055?fm=jpg&q=80&w=1920,https://images.unsplash.com/photo-1636757218055?fm=jpg&q=80&w=1200,https://images.unsplash.com/photo-1636757218055?fm=jpg&q=80&w=800,3888,5184,Mike Kilcoyne,https://unsplash.com/@mikekilcoyne,a view of a mountain with trees in the foreground,telluride,unsplash
1UvNOtlxQ38,https://images.unsplash.com/photo-1688228022544?fm=jpg&q=80,https://images.unsplash.com/photo-1688228022544?fm=jpg&q=80&w=1920,https://images.unsplash.com/photo-1688228022544?fm=jpg&q=80&w=1200,https://images.unsplash.com/photo-1688228022544?fm=jpg&q=80&w=800,6000,4000,Mick Kirchman,https://unsplash.com/@mickkirch,a herd of sheep grazing on a lush green hillside,telluride,unsplash
lm564E7zOEQ,https://images.unsplash.com/photo-1706048185976?fm=jpg&q=80,https://images.unsplash.com/photo-1706048185976?fm=jpg&q=80&w=1920,https://images.unsplash.com/photo-1706048185976?fm=jpg&q=80&w=1200,https://images.unsplash.com/photo-1706048185976?fm=jpg&q=80&w=800,7008,4672,Jeff Heaton,https://unsplash.com/@heatonthetrail,a view of a mountain with trees in the foreground,telluride,unsplash
WlxvMKOOS7U,https://images.unsplash.com/photo-1537319203959?fm=jpg&q=80,https://images.unsplash.com/photo-1537319203959?fm=jpg&q=80&w=1920,https://images.unsplash.com/photo-1537319203959?fm=jpg&q=80&w=1200,https://images.unsplash.com/photo-1537319203959?fm=jpg&q=80&w=800,4912,7360,Will Truettner,https://unsplash.com/@willy_teee,orange flowers on grass field,telluride,unsplash
HrGBOlyASYE,https://images.unsplash.com/photo-1688227964631?fm=jpg&q=80,https://images.unsplash.com/photo-1688227964631?fm=jpg&q=80&w=1920,https://images.unsplash.com/photo-1688227964631?fm=jpg&q=80&w=1200,https://images.unsplash.com/photo-1688227964631?fm=jpg&q=80&w=800,6000,4000,Mick Kirchman,https://unsplash.com/@mickkirch,a view of a mountain range with a house in the foreground,telluride,unsplash
Tg7yLk0fIPU,https://images.unsplash.com/photo-1659935275716?fm=jpg&q=80,https://images.unsplash.com/photo-1659935275716?fm=jpg&q=80&w=1920,https://images.unsplash.com/photo-1659935275716?fm=jpg&q=80&w=1200,https://images.unsplash.com/photo-1659935275716?fm=jpg&q=80&w=800,3999,5999,Andres Molina,https://unsplash.com/@nomadicfitlust,a person standing in front of a waterfall,telluride,unsplash
eD-yqMiiHP0,https://images.unsplash.com/photo-1446816639362?fm=jpg&q=80,https://images.unsplash.com/photo-1446816639362?fm=jpg&q=80&w=1920,https://images.unsplash.com/photo-1446816639362?fm=jpg&q=80&w=1200,https://images.unsplash.com/photo-1446816639362?fm=jpg&q=80&w=800,3264,2448,Daniel Ribar,https://unsplash.com/@bigdanribar,landscape photography of mountains with trees,telluride,unsplash
pbSHwlZlsxQ,https://images.unsplash.com/photo-1630507118306?fm=jpg&q=80,https://images.unsplash.com/photo-1630507118306?fm=jpg&q=80&w=1920,https://images.unsplash.com/photo-1630507118306?fm=jpg&q=80&w=1200,https://images.unsplash.com/photo-1630507118306?fm=jpg&q=80&w=800,7952,5304,Zach Betten,https://unsplash.com/@bettenz,green grass field near mountain under blue sky during daytime,telluride,unsplash
oDD_JR19OD0,https://images.unsplash.com/photo-1669439103667?fm=jpg&q=80,https://images.unsplash.com/photo-1669439103667?fm=jpg&q=80&w=1920,https://images.unsplash.com/photo-1669439103667?fm=jpg&q=80&w=1200,https://images.unsplash.com/photo-1669439103667?fm=jpg&q=80&w=800,6000,4000,Felix Flis,https://unsplash.com/@felixflis,a rocky mountain with trees,telluride,unsplash
-l46OK361TM,https://images.unsplash.com/photo-1625702805300?fm=jpg&q=80,https://images.unsplash.com/photo-1625702805300?fm=jpg&q=80&w=1920,https://images.unsplash.com/photo-1625702805300?fm=jpg&q=80&w=1200,https://images.unsplash.com/photo-1625702805300?fm=jpg&q=80&w=800,3024,4032,Tony Long,https://unsplash.com/@tonylong100,black and red street sign on green grass field near mountain during daytime,telluride,unsplash
JWo9v6T39R0,https://images.unsplash.com/photo-1478530754108?fm=jpg&q=80,https://images.unsplash.com/photo-1478530754108?fm=jpg&q=80&w=1920,https://images.unsplash.com/photo-1478530754108?fm=jpg&q=80&w=1200,https://images.unsplash.com/photo-1478530754108?fm=jpg&q=80&w=800,5472,3648,Thomas Kelley,https://unsplash.com/@thkelley,back photo of woman wearing black leather jacket in front of snowed mountain,telluride,unsplash
vdrY-pPAgRQ,https://images.unsplash.com/photo-1506973629217?fm=jpg&q=80,https://images.unsplash.com/photo-1506973629217?fm=jpg&q=80&w=1920,https://images.unsplash.com/photo-1506973629217?fm=jpg&q=80&w=1200,https://images.unsplash.com/photo-1506973629217?fm=jpg&q=80&w=800,4032,3024,Michael Robillard,https://unsplash.com/@gigem1984,rocky mountain,telluride,unsplash
kM3TfbIG_So,https://images.unsplash.com/photo-1611268842940?fm=jpg&q=80,https://images.unsplash.com/photo-1611268842940?fm=jpg&q=80&w=1920,https://images.unsplash.com/photo-1611268842940?fm=jpg&q=80&w=1200,https://images.unsplash.com/photo-1611268842940?fm=jpg&q=80&w=800,4000,6000,Julia Karnavusha,https://unsplash.com/@julkarrr,green pine trees near snow covered mountain during daytime,telluride,unsplash
3f4Rhe70Vj4,https://images.unsplash.com/photo-1461874759164?fm=jpg&q=80,https://images.unsplash.com/photo-1461874759164?fm=jpg&q=80&w=1920,https://images.unsplash.com/photo-1461874759164?fm=jpg&q=80&w=1200,https://images.unsplash.com/photo-1461874759164?fm=jpg&q=80&w=800,4000,2667,Thomas Kelley,https://unsplash.com/@thkelley,woman standing on beach,telluride,unsplash
zPYIdbqeNhY,https://images.unsplash.com/photo-1588292091787?fm=jpg&q=80,https://images.unsplash.com/photo-1588292091787?fm=jpg&q=80&w=1920,https://images.unsplash.com/photo-1588292091787?fm=jpg&q=80&w=1200,https://images.unsplash.com/photo-1588292091787?fm=jpg&q=80&w=800,5742,3828,Jonny Auh,https://unsplash.com/@jonnyauh,green trees near lake under white clouds and blue sky during daytime,telluride,unsplash
CokiIUF8QpM,https://images.unsplash.com/photo-1596477221321?fm=jpg&q=80,https://images.unsplash.com/photo-1596477221321?fm=jpg&q=80&w=1920,https://images.unsplash.com/photo-1596477221321?fm=jpg&q=80&w=1200,https://images.unsplash.com/photo-1596477221321?fm=jpg&q=80&w=800,4416,3312,John Fowler,https://unsplash.com/@wildhoney,snow covered trees and mountains during daytime,telluride,unsplash
LWkY80kMIkU,https://images.unsplash.com/photo-1601238997043?fm=jpg&q=80,https://images.unsplash.com/photo-1601238997043?fm=jpg&q=80&w=1920,https://images.unsplash.com/photo-1601238997043?fm=jpg&q=80&w=1200,https://images.unsplash.com/photo-1601238997043?fm=jpg&q=80&w=800,3024,4032,Linda Knicely,https://unsplash.com/@lindaknicely,green pine trees on mountain during daytime,telluride,unsplash
DhuakDkj9_M,https://images.unsplash.com/photo-1724294144791?fm=jpg&q=80,https://images.unsplash.com/photo-1724294144791?fm=jpg&q=80&w=1920,https://images.unsplash.com/photo-1724294144791?fm=jpg&q=80&w=1200,https://images.unsplash.com/photo-1724294144791?fm=jpg&q=80&w=800,6000,3561,Matt Gross,https://unsplash.com/@mattkgross,A wooden house sitting on top of a lush green hillside,telluride,unsplash
Z03LIHzqB5o,https://images.unsplash.com/photo-1603669765197?fm=jpg&q=80,https://images.unsplash.com/photo-1603669765197?fm=jpg&q=80&w=1920,https://images.unsplash.com/photo-1603669765197?fm=jpg&q=80&w=1200,https://images.unsplash.com/photo-1603669765197?fm=jpg&q=80&w=800,4000,6000,Jonny Auh,https://unsplash.com/@jonnyauh,green and brown mountains under white sky during daytime,telluride,unsplash
Lft26KnmMas,https://images.unsplash.com/photo-1706048185971?fm=jpg&q=80,https://images.unsplash.com/photo-1706048185971?fm=jpg&q=80&w=1920,https://images.unsplash.com/photo-1706048185971?fm=jpg&q=80&w=1200,https://images.unsplash.com/photo-1706048185971?fm=jpg&q=80&w=800,6754,4553,Jeff Heaton,https://unsplash.com/@heatonthetrail,a ski lift going up a snowy mountain,telluride,unsplash
Xy_4Za5GLMg,https://images.unsplash.com/photo-1610141432089?fm=jpg&q=80,https://images.unsplash.com/photo-1610141432089?fm=jpg&q=80&w=1920,https://images.unsplash.com/photo-1610141432089?fm=jpg&q=80&w=1200,https://images.unsplash.com/photo-1610141432089?fm=jpg&q=80&w=800,5760,3840,Joe Dudeck,https://unsplash.com/@joetography,white and yellow daisy in bloom during daytime,telluride,unsplash
idGDHpYjbVk,https://images.unsplash.com/photo-1693340197155?fm=jpg&q=80,https://images.unsplash.com/photo-1693340197155?fm=jpg&q=80&w=1920,https://images.unsplash.com/photo-1693340197155?fm=jpg&q=80&w=1200,https://images.unsplash.com/photo-1693340197155?fm=jpg&q=80&w=800,4672,7008,Eslie Rodriguez,https://unsplash.com/@jannell3,a couple of sheep standing on top of a lush green field,telluride,unsplash
GKHVx1V7CWc,https://images.unsplash.com/photo-1669438896401?fm=jpg&q=80,https://images.unsplash.com/photo-1669438896401?fm=jpg&q=80&w=1920,https://images.unsplash.com/photo-1669438896401?fm=jpg&q=80&w=1200,https://images.unsplash.com/photo-1669438896401?fm=jpg&q=80&w=800,4000,6000,Felix Flis,https://unsplash.com/@felixflis,a waterfall in a rocky area,telluride,unsplash
ENT2XQsgydA,https://images.unsplash.com/photo-1636081652427?fm=jpg&q=80,https://images.unsplash.com/photo-1636081652427?fm=jpg&q=80&w=1920,https://images.unsplash.com/photo-1636081652427?fm=jpg&q=80&w=1200,https://images.unsplash.com/photo-1636081652427?fm=jpg&q=80&w=800,6000,4000,Ruru Zhang,https://unsplash.com/@rrzh,a view of a mountain covered in fog,telluride,unsplash
aVLquosHZE0,https://images.unsplash.com/photo-1651682425065?fm=jpg&q=80,https://images.unsplash.com/photo-1651682425065?fm=jpg&q=80&w=1920,https://images.unsplash.com/photo-1651682425065?fm=jpg&q=80&w=1200,https://images.unsplash.com/photo-1651682425065?fm=jpg&q=80&w=800,6000,3750,Mich,https://unsplash.com/@broitsmich,a mountain covered in snow,telluride,unsplash
qWoUToGLMVk,https://images.unsplash.com/photo-1688599132428?fm=jpg&q=80,https://images.unsplash.com/photo-1688599132428?fm=jpg&q=80&w=1920,https://images.unsplash.com/photo-1688599132428?fm=jpg&q=80&w=1200,https://images.unsplash.com/photo-1688599132428?fm=jpg&q=80&w=800,4000,6000,Mick Kirchman,https://unsplash.com/@mickkirch,a person standing on a trail in the mountains,telluride,unsplash
rC2SFpCBK9Y,https://images.unsplash.com/photo-1693340180817?fm=jpg&q=80,https://images.unsplash.com/photo-1693340180817?fm=jpg&q=80&w=1920,https://images.unsplash.com/photo-1693340180817?fm=jpg&q=80&w=1200,https://images.unsplash.com/photo-1693340180817?fm=jpg&q=80&w=800,4672,7008,Eslie Rodriguez,https://unsplash.com/@jannell3,a group of people standing around a hot air balloon,telluride,unsplash
VRz8IPTaQ4o,https://images.unsplash.com/photo-1693340210360?fm=jpg&q=80,https://images.unsplash.com/photo-1693340210360?fm=jpg&q=80&w=1920,https://images.unsplash.com/photo-1693340210360?fm=jpg&q=80&w=1200,https://images.unsplash.com/photo-1693340210360?fm=jpg&q=80&w=800,4672,7008,Eslie Rodriguez,https://unsplash.com/@jannell3,a couple of signs that are on a pole,telluride,unsplash
GmyiSLP7q4Q,https://images.unsplash.com/photo-1693340169249?fm=jpg&q=80,https://images.unsplash.com/photo-1693340169249?fm=jpg&q=80&w=1920,https://images.unsplash.com/photo-1693340169249?fm=jpg&q=80&w=1200,https://images.unsplash.com/photo-1693340169249?fm=jpg&q=80&w=800,4672,7008,Eslie Rodriguez,https://unsplash.com/@jannell3,a street with cars parked on the side of it,telluride,unsplash
d-Qfm9Gmb0Y,https://images.unsplash.com/photo-1688599132130?fm=jpg&q=80,https://images.unsplash.com/photo-1688599132130?fm=jpg&q=80&w=1920,https://images.unsplash.com/photo-1688599132130?fm=jpg&q=80&w=1200,https://images.unsplash.com/photo-1688599132130?fm=jpg&q=80&w=800,4000,6000,Mick Kirchman,https://unsplash.com/@mickkirch,a couple of people that are walking on a trail,telluride,unsplash
XEDYqT4umlg,https://images.unsplash.com/photo-1688599132140?fm=jpg&q=80,https://images.unsplash.com/photo-1688599132140?fm=jpg&q=80&w=1920,https://images.unsplash.com/photo-1688599132140?fm=jpg&q=80&w=1200,https://images.unsplash.com/photo-1688599132140?fm=jpg&q=80&w=800,4000,6000,Mick Kirchman,https://unsplash.com/@mickkirch,a dirt path in the middle of a forest,telluride,unsplash
MKakfI0h5Hw,https://images.unsplash.com/photo-1688599132131?fm=jpg&q=80,https://images.unsplash.com/photo-1688599132131?fm=jpg&q=80&w=1920,https://images.unsplash.com/photo-1688599132131?fm=jpg&q=80&w=1200,https://images.unsplash.com/photo-1688599132131?fm=jpg&q=80&w=800,3899,5848,Mick Kirchman,https://unsplash.com/@mickkirch,a tent pitched up in the woods near a lake,telluride,unsplash
O6vX7EGV65Q,https://images.unsplash.com/photo-1688599132129?fm=jpg&q=80,https://images.unsplash.com/photo-1688599132129?fm=jpg&q=80&w=1920,https://images.unsplash.com/photo-1688599132129?fm=jpg&q=80&w=1200,https://images.unsplash.com/photo-1688599132129?fm=jpg&q=80&w=800,4000,6000,Mick Kirchman,https://unsplash.com/@mickkirch,a man with a backpack walking through a forest,telluride,unsplash
RMQA9RCsqHM,https://images.unsplash.com/photo-1609775155827?fm=jpg&q=80,https://images.unsplash.com/photo-1609775155827?fm=jpg&q=80&w=1920,https://images.unsplash.com/photo-1609775155827?fm=jpg&q=80&w=1200,https://images.unsplash.com/photo-1609775155827?fm=jpg&q=80&w=800,6000,4000,Kellie Enge,https://unsplash.com/@kenge96,green trees on mountain under cloudy sky during daytime,telluride,unsplash
j1RdSU6VFNk,https://images.unsplash.com/photo-1688599130153?fm=jpg&q=80,https://images.unsplash.com/photo-1688599130153?fm=jpg&q=80&w=1920,https://images.unsplash.com/photo-1688599130153?fm=jpg&q=80&w=1200,https://images.unsplash.com/photo-1688599130153?fm=jpg&q=80&w=800,4000,6000,Mick Kirchman,https://unsplash.com/@mickkirch,a body of water surrounded by a forest,telluride,unsplash
5YMlzP_cVx0,https://images.unsplash.com/photo-1530411619423?fm=jpg&q=80,https://images.unsplash.com/photo-1530411619423?fm=jpg&q=80&w=1920,https://images.unsplash.com/photo-1530411619423?fm=jpg&q=80&w=1200,https://images.unsplash.com/photo-1530411619423?fm=jpg&q=80&w=800,3811,2541,Kyle Cesmat,https://unsplash.com/@kylecesmat,road between trees,telluride,unsplash
rZMz210gd84,https://images.unsplash.com/photo-1690220108510?fm=jpg&q=80,https://images.unsplash.com/photo-1690220108510?fm=jpg&q=80&w=1920,https://images.unsplash.com/photo-1690220108510?fm=jpg&q=80&w=1200,https://images.unsplash.com/photo-1690220108510?fm=jpg&q=80&w=800,4000,2667,Kool C,https://unsplash.com/@koolcreation,a close up of a tire on a vehicle,telluride,unsplash
TDcFRE2AYCc,https://images.unsplash.com/photo-1693340185013?fm=jpg&q=80,https://images.unsplash.com/photo-1693340185013?fm=jpg&q=80&w=1920,https://images.unsplash.com/photo-1693340185013?fm=jpg&q=80&w=1200,https://images.unsplash.com/photo-1693340185013?fm=jpg&q=80&w=800,4672,7008,Eslie Rodriguez,https://unsplash.com/@jannell3,a horse grazing in a field with a mountain in the background,telluride,unsplash
26pYwKMNhdM,https://images.unsplash.com/photo-1660491469639?fm=jpg&q=80,https://images.unsplash.com/photo-1660491469639?fm=jpg&q=80&w=1920,https://images.unsplash.com/photo-1660491469639?fm=jpg&q=80&w=1200,https://images.unsplash.com/photo-1660491469639?fm=jpg&q=80&w=800,2440,3660,Andres Molina,https://unsplash.com/@nomadicfitlust,a man wearing a hat and standing in a rocky area,telluride,unsplash
VRmxES-rIu8,https://images.unsplash.com/photo-1466220666686?fm=jpg&q=80,https://images.unsplash.com/photo-1466220666686?fm=jpg&q=80&w=1920,https://images.unsplash.com/photo-1466220666686?fm=jpg&q=80&w=1200,https://images.unsplash.com/photo-1466220666686?fm=jpg&q=80&w=800,5472,3600,Thomas Kelley,https://unsplash.com/@thkelley,green mountains under blue sky,telluride,unsplash
RbwynkrIKhY,https://images.unsplash.com/photo-1609775060676?fm=jpg&q=80,https://images.unsplash.com/photo-1609775060676?fm=jpg&q=80&w=1920,https://images.unsplash.com/photo-1609775060676?fm=jpg&q=80&w=1200,https://images.unsplash.com/photo-1609775060676?fm=jpg&q=80&w=800,6000,4000,Kellie Enge,https://unsplash.com/@kenge96,green trees on brown rocky mountain under blue sky during daytime,telluride,unsplash
tzpA1l2_UQ8,https://images.unsplash.com/photo-1651041940745?fm=jpg&q=80,https://images.unsplash.com/photo-1651041940745?fm=jpg&q=80&w=1920,https://images.unsplash.com/photo-1651041940745?fm=jpg&q=80&w=1200,https://images.unsplash.com/photo-1651041940745?fm=jpg&q=80&w=800,5000,3333,Hyundai Motor Group,https://unsplash.com/@hyundaimotorgroup,a car driving on a dirt road,telluride,unsplash
ymvbfgmaoxs,https://images.unsplash.com/photo-1520960678034?fm=jpg&q=80,https://images.unsplash.com/photo-1520960678034?fm=jpg&q=80&w=1920,https://images.unsplash.com/photo-1520960678034?fm=jpg&q=80&w=1200,https://images.unsplash.com/photo-1520960678034?fm=jpg&q=80&w=800,4032,3024,SivaSankara Reddy Bommireddy,https://unsplash.com/@ssrb91,man wearing backpack on snow,telluride,unsplash
R5RhPDCdD58,https://images.unsplash.com/photo-1670452613906?fm=jpg&q=80,https://images.unsplash.com/photo-1670452613906?fm=jpg&q=80&w=1920,https://images.unsplash.com/photo-1670452613906?fm=jpg&q=80&w=1200,https://images.unsplash.com/photo-1670452613906?fm=jpg&q=80&w=800,4480,6720,Boey Zeth,https://unsplash.com/@boeyzeth,a tree in front of a mountain,telluride,unsplash
OSIrhJbZwWA,https://images.unsplash.com/photo-1692658151386?fm=jpg&q=80,https://images.unsplash.com/photo-1692658151386?fm=jpg&q=80&w=1920,https://images.unsplash.com/photo-1692658151386?fm=jpg&q=80&w=1200,https://images.unsplash.com/photo-1692658151386?fm=jpg&q=80&w=800,6000,4000,Josh Garner,https://unsplash.com/@josh_garner,a person standing on a cliff overlooking a valley,telluride,unsplash
JoH60FhTp50,https://images.unsplash.com/photo-1455218873509?fm=jpg&q=80,https://images.unsplash.com/photo-1455218873509?fm=jpg&q=80&w=1920,https://images.unsplash.com/photo-1455218873509?fm=jpg&q=80&w=1200,https://images.unsplash.com/photo-1455218873509?fm=jpg&q=80&w=800,3648,5472,Thomas Kelley,https://unsplash.com/@thkelley,time lapse photo of falls on forest trees,telluride,unsplash
1nGe9E1M9B0,https://images.unsplash.com/photo-1492283500419?fm=jpg&q=80,https://images.unsplash.com/photo-1492283500419?fm=jpg&q=80&w=1920,https://images.unsplash.com/photo-1492283500419?fm=jpg&q=80&w=1200,https://images.unsplash.com/photo-1492283500419?fm=jpg&q=80&w=800,3051,2448,Sheelah Brennan,https://unsplash.com/@sheelahbrennan,person wearing black lace up shoes,telluride,unsplash
7B2v9lFn_m0,https://images.unsplash.com/photo-1496550848045?fm=jpg&q=80,https://images.unsplash.com/photo-1496550848045?fm=jpg&q=80&w=1920,https://images.unsplash.com/photo-1496550848045?fm=jpg&q=80&w=1200,https://images.unsplash.com/photo-1496550848045?fm=jpg&q=80&w=800,5572,3715,Thomas Kelley,https://unsplash.com/@thkelley,"red, black, and green hot air balloon flying near mountain at daytime",telluride,unsplash
kZLaSWR-7J4,https://images.unsplash.com/photo-1484977975800?fm=jpg&q=80,https://images.unsplash.com/photo-1484977975800?fm=jpg&q=80&w=1920,https://images.unsplash.com/photo-1484977975800?fm=jpg&q=80&w=1200,https://images.unsplash.com/photo-1484977975800?fm=jpg&q=80&w=800,4891,3261,Thomas Kelley,https://unsplash.com/@thkelley,pine trees on snowfield,telluride,unsplash
--zTdU_0O24,https://images.unsplash.com/photo-1670452616301?fm=jpg&q=80,https://images.unsplash.com/photo-1670452616301?fm=jpg&q=80&w=1920,https://images.unsplash.com/photo-1670452616301?fm=jpg&q=80&w=1200,https://images.unsplash.com/photo-1670452616301?fm=jpg&q=80&w=800,4480,6720,Boey Zeth,https://unsplash.com/@boeyzeth,a man standing in a field with trees and mountains in the background,telluride,unsplash
ZNPu-6dSHyU,https://images.unsplash.com/photo-1439946612398?fm=jpg&q=80,https://images.unsplash.com/photo-1439946612398?fm=jpg&q=80&w=1920,https://images.unsplash.com/photo-1439946612398?fm=jpg&q=80&w=1200,https://images.unsplash.com/photo-1439946612398?fm=jpg&q=80&w=800,5472,3648,Thomas Kelley,https://unsplash.com/@thkelley,white smoke above gray mountain at daytime,telluride,unsplash
hVg6Z_LlRKI,https://images.unsplash.com/photo-1613499761150?fm=jpg&q=80,https://images.unsplash.com/photo-1613499761150?fm=jpg&q=80&w=1920,https://images.unsplash.com/photo-1613499761150?fm=jpg&q=80&w=1200,https://images.unsplash.com/photo-1613499761150?fm=jpg&q=80&w=800,3278,4946,Alex Fredrich,https://unsplash.com/@afreddy14,red and black truck on road near green grass field and mountain during daytime,telluride,unsplash
A15MNH421yU,https://images.unsplash.com/photo-1484626838648?fm=jpg&q=80,https://images.unsplash.com/photo-1484626838648?fm=jpg&q=80&w=1920,https://images.unsplash.com/photo-1484626838648?fm=jpg&q=80&w=1200,https://images.unsplash.com/photo-1484626838648?fm=jpg&q=80&w=800,3216,4950,Thomas Kelley,https://unsplash.com/@thkelley,photography of brown house surrounded by green forest trees,telluride,unsplash
Xni9e-_ED_I,https://images.unsplash.com/photo-1486182674297?fm=jpg&q=80,https://images.unsplash.com/photo-1486182674297?fm=jpg&q=80&w=1920,https://images.unsplash.com/photo-1486182674297?fm=jpg&q=80&w=1200,https://images.unsplash.com/photo-1486182674297?fm=jpg&q=80&w=800,5184,3456,Thomas Kelley,https://unsplash.com/@thkelley,snow covered mountain during daytime,telluride,unsplash
oG894_zQCZE,https://images.unsplash.com/photo-1484627114770?fm=jpg&q=80,https://images.unsplash.com/photo-1484627114770?fm=jpg&q=80&w=1920,https://images.unsplash.com/photo-1484627114770?fm=jpg&q=80&w=1200,https://images.unsplash.com/photo-1484627114770?fm=jpg&q=80&w=800,4917,3278,Thomas Kelley,https://unsplash.com/@thkelley,person outside tunnel,telluride,unsplash
KQydCBLAK1k,https://images.unsplash.com/photo-1665284852381?fm=jpg&q=80,https://images.unsplash.com/photo-1665284852381?fm=jpg&q=80&w=1920,https://images.unsplash.com/photo-1665284852381?fm=jpg&q=80&w=1200,https://images.unsplash.com/photo-1665284852381?fm=jpg&q=80&w=800,4032,3024,Tyler Sturm,https://unsplash.com/@tyler_s,a forest of trees with mountains in the background,telluride,unsplash
VPv5-MHWPdY,https://images.unsplash.com/photo-1627265953067?fm=jpg&q=80,https://images.unsplash.com/photo-1627265953067?fm=jpg&q=80&w=1920,https://images.unsplash.com/photo-1627265953067?fm=jpg&q=80&w=1200,https://images.unsplash.com/photo-1627265953067?fm=jpg&q=80&w=800,6720,4480,Tanner Marquis,https://unsplash.com/@tanleemarquis,gray asphalt road between green grass field and mountains during daytime,telluride,unsplash
0xRRFe1K6go,https://images.unsplash.com/photo-1598462913100?fm=jpg&q=80,https://images.unsplash.com/photo-1598462913100?fm=jpg&q=80&w=1920,https://images.unsplash.com/photo-1598462913100?fm=jpg&q=80&w=1200,https://images.unsplash.com/photo-1598462913100?fm=jpg&q=80&w=800,4592,3064,Malachi Brooks,https://unsplash.com/@mebrooks01,green mountains under blue sky and white clouds during daytime,telluride,unsplash
7q646bIEjLA,https://images.unsplash.com/photo-1486182810355?fm=jpg&q=80,https://images.unsplash.com/photo-1486182810355?fm=jpg&q=80&w=1920,https://images.unsplash.com/photo-1486182810355?fm=jpg&q=80&w=1200,https://images.unsplash.com/photo-1486182810355?fm=jpg&q=80&w=800,5367,3723,Thomas Kelley,https://unsplash.com/@thkelley,silhouette of mountain under white sky,telluride,unsplash
XPfFpd5vI3I,https://images.unsplash.com/photo-1484599830948?fm=jpg&q=80,https://images.unsplash.com/photo-1484599830948?fm=jpg&q=80&w=1920,https://images.unsplash.com/photo-1484599830948?fm=jpg&q=80&w=1200,https://images.unsplash.com/photo-1484599830948?fm=jpg&q=80&w=800,7360,4912,Chad Madden,https://unsplash.com/@chadmadden,snow-covered trees during daytime,telluride,unsplash
kCIj9hPYHBA,https://images.unsplash.com/photo-1564591110958?fm=jpg&q=80,https://images.unsplash.com/photo-1564591110958?fm=jpg&q=80&w=1920,https://images.unsplash.com/photo-1564591110958?fm=jpg&q=80&w=1200,https://images.unsplash.com/photo-1564591110958?fm=jpg&q=80&w=800,4360,3270,JJ Shev,https://unsplash.com/@skjev5280,green mountain,telluride,unsplash
ckN7rEEEtR4,https://images.unsplash.com/photo-1589195698523?fm=jpg&q=80,https://images.unsplash.com/photo-1589195698523?fm=jpg&q=80&w=1920,https://images.unsplash.com/photo-1589195698523?fm=jpg&q=80&w=1200,https://images.unsplash.com/photo-1589195698523?fm=jpg&q=80&w=800,3024,4032,Tony Long,https://unsplash.com/@tonylong100,green trees near snow covered mountains during daytime,telluride,unsplash
2uRBp82p0tg,https://images.unsplash.com/photo-1608972141671?fm=jpg&q=80,https://images.unsplash.com/photo-1608972141671?fm=jpg&q=80&w=1920,https://images.unsplash.com/photo-1608972141671?fm=jpg&q=80&w=1200,https://images.unsplash.com/photo-1608972141671?fm=jpg&q=80&w=800,7860,3181,Lukas Fluck,https://unsplash.com/@fluluk,gray asphalt road between green grass field under orange and gray cloudy sky,telluride,unsplash
YQOi2P41BwQ,https://images.unsplash.com/photo-1456455961666?fm=jpg&q=80,https://images.unsplash.com/photo-1456455961666?fm=jpg&q=80&w=1920,https://images.unsplash.com/photo-1456455961666?fm=jpg&q=80&w=1200,https://images.unsplash.com/photo-1456455961666?fm=jpg&q=80&w=800,5367,3723,Thomas Kelley,https://unsplash.com/@thkelley,glacier mountain under white sky,telluride,unsplash
faozRl21T_I,https://images.unsplash.com/photo-1628701856385?fm=jpg&q=80,https://images.unsplash.com/photo-1628701856385?fm=jpg&q=80&w=1920,https://images.unsplash.com/photo-1628701856385?fm=jpg&q=80&w=1200,https://images.unsplash.com/photo-1628701856385?fm=jpg&q=80&w=800,4500,6745,Brady Stoeltzing,https://unsplash.com/@bstoeltz,man in black shirt sitting on black jeep wrangler on rocky mountain during daytime,telluride,unsplash
n9mCusGLk50,https://images.unsplash.com/photo-1628701848260?fm=jpg&q=80,https://images.unsplash.com/photo-1628701848260?fm=jpg&q=80&w=1920,https://images.unsplash.com/photo-1628701848260?fm=jpg&q=80&w=1200,https://images.unsplash.com/photo-1628701848260?fm=jpg&q=80&w=800,4500,3002,Brady Stoeltzing,https://unsplash.com/@bstoeltz,brown and gray mountains under white clouds during daytime,telluride,unsplash
4pPbpbHEzEY,https://images.unsplash.com/photo-1627578272048?fm=jpg&q=80,https://images.unsplash.com/photo-1627578272048?fm=jpg&q=80&w=1920,https://images.unsplash.com/photo-1627578272048?fm=jpg&q=80&w=1200,https://images.unsplash.com/photo-1627578272048?fm=jpg&q=80&w=800,4032,3024,Christine Finkelson,https://unsplash.com/@cfinkelson,green pine trees under white clouds and blue sky during daytime,telluride,unsplash
_ARqRYYSLvY,https://images.unsplash.com/photo-1646986626997?fm=jpg&q=80,https://images.unsplash.com/photo-1646986626997?fm=jpg&q=80&w=1920,https://images.unsplash.com/photo-1646986626997?fm=jpg&q=80&w=1200,https://images.unsplash.com/photo-1646986626997?fm=jpg&q=80&w=800,4096,2742,Ruben Valenzuela,https://unsplash.com/@rubenev520,a pool table with pool balls and cues,telluride,unsplash
eFZQOHgEFq8,https://images.unsplash.com/photo-1627186602784?fm=jpg&q=80,https://images.unsplash.com/photo-1627186602784?fm=jpg&q=80&w=1920,https://images.unsplash.com/photo-1627186602784?fm=jpg&q=80&w=1200,https://images.unsplash.com/photo-1627186602784?fm=jpg&q=80&w=800,6000,3656,Ryan Milrad,https://unsplash.com/@rmilrad,green trees on mountain during daytime,telluride,unsplash
Je-ZIwKXF-I,https://images.unsplash.com/photo-1561832469?fm=jpg&q=80,https://images.unsplash.com/photo-1561832469?fm=jpg&q=80&w=1920,https://images.unsplash.com/photo-1561832469?fm=jpg&q=80&w=1200,https://images.unsplash.com/photo-1561832469?fm=jpg&q=80&w=800,4912,7360,Chad Madden,https://unsplash.com/@chadmadden,photography of waterfalls and pine trees during daytime,telluride,unsplash
JFf-UfIePys,https://images.unsplash.com/photo-1761405378282?fm=jpg&q=80,https://images.unsplash.com/photo-1761405378282?fm=jpg&q=80&w=1920,https://images.unsplash.com/photo-1761405378282?fm=jpg&q=80&w=1200,https://images.unsplash.com/photo-1761405378282?fm=jpg&q=80&w=800,2075,2594,Zach Miller,https://unsplash.com/@zvchmiller,"Dirt road leading to a village in autumn mountains.",telluride,unsplash
Sg8tfx15YSM,https://images.unsplash.com/photo-1761024192331?fm=jpg&q=80,https://images.unsplash.com/photo-1761024192331?fm=jpg&q=80&w=1920,https://images.unsplash.com/photo-1761024192331?fm=jpg&q=80&w=1200,https://images.unsplash.com/photo-1761024192331?fm=jpg&q=80&w=800,3456,4608,christie greene,https://unsplash.com/@evergreene24,"Waterfall cascades down a mountain amidst autumn foliage.",telluride,unsplash

