id,original_url,large_url,medium_url,small_url,width,height,photographer,photographer_url,alt,query,source,product_code,product_title,category,is_cover
22803P7-57,https://media-cdn.tripadvisor.com/media/attractions-splice-spp-720x480/12/5a/36/86.jpg,https://media-cdn.tripadvisor.com/media/attractions-splice-spp-720x480/12/5a/36/86.jpg,https://media-cdn.tripadvisor.com/media/attractions-splice-spp-720x480/12/5a/36/86.jpg,https://media-cdn.tripadvisor.com/media/attractions-splice-spp-720x480/12/5a/36/86.jpg,720,480,Viator,,Telluride Morning Half Day Rafting Trip - San Miguel River,Telluride Morning Half Day Rafting Trip - San Miguel River,viator,22803P7,Telluride Morning Half Day Rafting Trip - San Miguel River,water,true
22803P7-58,https://media-cdn.tripadvisor.com/media/attractions-splice-spp-720x480/12/5a/35/64.jpg,https://media-cdn.tripadvisor.com/media/attractions-splice-spp-720x480/12/5a/35/64.jpg,https://media-cdn.tripadvisor.com/media/attractions-splice-spp-720x480/12/5a/35/64.jpg,https://media-cdn.tripadvisor.com/media/attractions-splice-spp-720x480/12/5a/35/64.jpg,720,480,Viator,,Telluride Morning Half Day Rafting Trip - San Miguel River,Telluride Morning Half Day Rafting Trip - San Miguel River,viator,22803P7,Telluride Morning Half Day Rafting Trip - San Miguel River,water,false
22803P7-59,https://media-cdn.tripadvisor.com/media/attractions-splice-spp-720x480/12/5a/37/4f.jpg,https://media-cdn.tripadvisor.com/media/attractions-splice-spp-720x480/12/5a/37/4f.jpg,https://media-cdn.tripadvisor.com/media/attractions-splice-spp-720x480/12/5a/37/4f.jpg,https://media-cdn.tripadvisor.com/media/attractions-splice-spp-720x480/12/5a/37/4f.jpg,720,480,Viator,,Telluride Morning Half Day Rafting Trip - San Miguel River,Telluride Morning Half Day Rafting Trip - San Miguel River,viator,22803P7,Telluride Morning Half Day Rafting Trip - San Miguel River,water,false
22803P7-60,https://media-cdn.tripadvisor.com/media/attractions-splice-spp-720x480/12/5a/2b/7a.jpg,https://media-cdn.tripadvisor.com/media/attractions-splice-spp-720x480/12/5a/2b/7a.jpg,https://media-cdn.tripadvisor.com/media/attractions-splice-spp-720x480/12/5a/2b/7a.jpg,https://media-cdn.tripadvisor.com/media/attractions-splice-spp-720x480/12/5a/2b/7a.jpg,720,480,Viator,,Telluride Morning Half Day Rafting Trip - San Miguel River,Telluride Morning Half Day Rafting Trip - San Miguel River,viator,22803P7,Telluride Morning Half Day Rafting Trip - San Miguel River,water,false
22803P7-61,https://media-cdn.tripadvisor.com/media/attractions-splice-spp-720x480/12/5a/31/0e.jpg,https://media-cdn.tripadvisor.com/media/attractions-splice-spp-720x480/12/5a/31/0e.jpg,https://media-cdn.tripadvisor.com/media/attractions-splice-spp-720x480/12/5a/31/0e.jpg,https://media-cdn.tripadvisor.com/media/attractions-splice-spp-720x480/12/5a/31/0e.jpg,720,480,Viator,,Telluride Morning Half Day Rafting Trip - San Miguel River,Telluride Morning Half Day Rafting Trip - San Miguel River,viator,22803P7,Telluride Morning Half Day Rafting Trip - San Miguel River,water,false
22803P7-62,https://media-cdn.tripadvisor.com/media/attractions-splice-spp-720x480/12/5a/37/4d.jpg,https://media-cdn.tripadvisor.com/media/attractions-splice-spp-720x480/12/5a/37/4d.jpg,https://media-cdn.tripadvisor.com/media/attractions-splice-spp-720x480/12/5a/37/4d.jpg,https://media-cdn.tripadvisor.com/media/attractions-splice-spp-720x480/12/5a/37/4d.jpg,720,480,Viator,,Telluride Morning Half Day Rafting Trip - San Miguel River,Telluride Morning Half Day Rafting Trip - San Miguel River,viator,22803P7,Telluride Morning Half Day Rafting Trip - San Miguel River,water,false
22803P7-63,https://media-cdn.tripadvisor.com/media/attractions-splice-spp-720x480/12/5a/37/50.jpg,https://media-cdn.tripadvisor.com/media/attractions-splice-spp-720x480/12/5a/37/50.jpg,https://media-cdn.tripadvisor.com/media/attractions-splice-spp-720x480/12/5a/37/50.jpg,https://media-cdn.tripadvisor.com/media/attractions-splice-spp-720x480/12/5a/37/50.jpg,720,480,Viator,,Telluride Morning Half Day Rafting Trip - San Miguel River,Telluride Morning Half Day Rafting Trip - San Miguel River,viator,22803P7,Telluride Morning Half Day Rafting Trip - San Miguel River,water,false
22803P28-64,https://media-cdn.tripadvisor.com/media/attractions-splice-spp-720x480/16/9c/6e/ff.jpg,https://media-cdn.tripadvisor.com/media/attractions-splice-spp-720x480/16/9c/6e/ff.jpg,https://media-cdn.tripadvisor.com/media/attractions-splice-spp-720x480/16/9c/6e/ff.jpg,https://media-cdn.tripadvisor.com/media/attractions-splice-spp-720x480/16/9c/6e/ff.jpg,720,480,Viator,,Telluride Afternoon Half Day Rafting Trip - San Miguel River,Telluride Afternoon Half Day Rafting Trip - San Miguel River,viator,22803P28,Telluride Afternoon Half Day Rafting Trip - San Miguel River,water,true
22803P28-65,https://media-cdn.tripadvisor.com/media/attractions-splice-spp-720x480/16/9c/6f/00.jpg,https://media-cdn.tripadvisor.com/media/attractions-splice-spp-720x480/16/9c/6f/00.jpg,https://media-cdn.tripadvisor.com/media/attractions-splice-spp-720x480/16/9c/6f/00.jpg,https://media-cdn.tripadvisor.com/media/attractions-splice-spp-720x480/16/9c/6f/00.jpg,720,480,Viator,,Telluride Afternoon Half Day Rafting Trip - San Miguel River,Telluride Afternoon Half Day Rafting Trip - San Miguel River,viator,22803P28,Telluride Afternoon Half Day Rafting Trip - San Miguel River,water,false
22803P28-66,https://media-cdn.tripadvisor.com/media/attractions-splice-spp-720x480/15/d3/f4/23.jpg,https://media-cdn.tripadvisor.com/media/attractions-splice-spp-720x480/15/d3/f4/23.jpg,https://media-cdn.tripadvisor.com/media/attractions-splice-spp-720x480/15/d3/f4/23.jpg,https://media-cdn.tripadvisor.com/media/attractions-splice-spp-720x480/15/d3/f4/23.jpg,720,480,Viator,,Telluride Afternoon Half Day Rafting Trip - San Miguel River,Telluride Afternoon Half Day Rafting Trip - San Miguel River,viator,22803P28,Telluride Afternoon Half Day Rafting Trip - San Miguel River,water,false
22803P28-67,https://media-cdn.tripadvisor.com/media/attractions-splice-spp-720x480/15/d3/f4/24.jpg,https://media-cdn.tripadvisor.com/media/attractions-splice-spp-720x480/15/d3/f4/24.jpg,https://media-cdn.tripadvisor.com/media/attractions-splice-spp-720x480/15/d3/f4/24.jpg,https://media-cdn.tripadvisor.com/media/attractions-splice-spp-720x480/15/d3/f4/24.jpg,720,480,Viator,,Telluride Afternoon Half Day Rafting Trip - San Miguel River,Telluride Afternoon Half Day Rafting Trip - San Miguel River,viator,22803P28,Telluride Afternoon Half Day Rafting Trip - San Miguel River,water,false
22803P28-68,https://media-cdn.tripadvisor.com/media/attractions-splice-spp-720x480/15/d3/f4/26.jpg,https://media-cdn.tripadvisor.com/media/attractions-splice-spp-720x480/15/d3/f4/26.jpg,https://media-cdn.tripadvisor.com/media/attractions-splice-spp-720x480/15/d3/f4/26.jpg,https://media-cdn.tripadvisor.com/media/attractions-splice-spp-720x480/15/d3/f4/26.jpg,720,480,Viator,,Telluride Afternoon Half Day Rafting Trip - San Miguel River,Telluride Afternoon Half Day Rafting Trip - San Miguel River,viator,22803P28,Telluride Afternoon Half Day Rafting Trip - San Miguel River,water,false
22803P28-69,https://media-cdn.tripadvisor.com/media/attractions-splice-spp-720x480/15/d3/f4/28.jpg,https://media-cdn.tripadvisor.com/media/attractions-splice-spp-720x480/15/d3/f4/28.jpg,https://media-cdn.tripadvisor.com/media/attractions-splice-spp-720x480/15/d3/f4/28.jpg,https://media-cdn.tripadvisor.com/media/attractions-splice-spp-720x480/15/d3/f4/28.jpg,720,480,Viator,,Telluride Afternoon Half Day Rafting Trip - San Miguel River,Telluride Afternoon Half Day Rafting Trip - San Miguel River,viator,22803P28,Telluride Afternoon Half Day Rafting Trip - San Miguel River,water,false
22803P28-70,https://media-cdn.tripadvisor.com/media/attractions-splice-spp-720x480/15/d3/f4/2b.jpg,https://media-cdn.tripadvisor.com/media/attractions-splice-spp-720x480/15/d3/f4/2b.jpg,https://media-cdn.tripadvisor.com/media/attractions-splice-spp-720x480/15/d3/f4/2b.jpg,https://media-cdn.tripadvisor.com/media/attractions-splice-spp-720x480/15/d3/f4/2b.jpg,720,480,Viator,,Telluride Afternoon Half Day Rafting Trip - San Miguel River,Telluride Afternoon Half Day Rafting Trip - San Miguel River,viator,22803P28,Telluride Afternoon Half Day Rafting Trip - San Miguel River,water,false
22803P28-71,https://media-cdn.tripadvisor.com/media/attractions-splice-spp-720x480/15/d3/f4/2c.jpg,https://media-cdn.tripadvisor.com/media/attractions-splice-spp-720x480/15/d3/f4/2c.jpg,https://media-cdn.tripadvisor.com/media/attractions-splice-spp-720x480/15/d3/f4/2c.jpg,https://media-cdn.tripadvisor.com/media/attractions-splice-spp-720x480/15/d3/f4/2c.jpg,720,480,Viator,,Telluride Afternoon Half Day Rafting Trip - San Miguel River,Telluride Afternoon Half Day Rafting Trip - San Miguel River,viator,22803P28,Telluride Afternoon Half Day Rafting Trip - San Miguel River,water,false
22803P28-72,https://media-cdn.tripadvisor.com/media/attractions-splice-spp-720x480/15/d3/f4/2d.jpg,https://media-cdn.tripadvisor.com/media/attractions-splice-spp-720x480/15/d3/f4/2d.jpg,https://media-cdn.tripadvisor.com/media/attractions-splice-spp-720x480/15/d3/f4/2d.jpg,https://media-cdn.tripadvisor.com/media/attractions-splice-spp-720x480/15/d3/f4/2d.jpg,720,480,Viator,,Telluride Afternoon Half Day Rafting Trip - San Miguel River,Telluride Afternoon Half Day Rafting Trip - San Miguel River,viator,22803P28,Telluride Afternoon Half Day Rafting Trip - San Miguel River,water,false
22803P28-73,https://media-cdn.tripadvisor.com/media/attractions-splice-spp-720x480/15/d3/f4/2e.jpg,https://media-cdn.tripadvisor.com/media/attractions-splice-spp-720x480/15/d3/f4/2e.jpg,https://media-cdn.tripadvisor.com/media/attractions-splice-spp-720x480/15/d3/f4/2e.jpg,https://media-cdn.tripadvisor.com/media/attractions-splice-spp-720x480/15/d3/f4/2e.jpg,720,480,Viator,,Telluride Afternoon Half Day Rafting Trip - San Miguel River,Telluride Afternoon Half Day Rafting Trip - San Miguel River,viator,22803P28,Telluride Afternoon Half Day Rafting Trip - San Miguel River,water,false
22803P5-81,https://media-cdn.tripadvisor.com/media/attractions-splice-spp-720x480/12/5a/35/64.jpg,https://media-cdn.tripadvisor.com/media/attractions-splice-spp-720x480/12/5a/35/64.jpg,https://media-cdn.tripadvisor.com/media/attractions-splice-spp-720x480/12/5a/35/64.jpg,https://media-cdn.tripadvisor.com/media/attractions-splice-spp-720x480/12/5a/35/64.jpg,720,480,Viator,,Telluride 1 Day Rafting Trip with Lunch - San Miguel River,Telluride 1 Day Rafting Trip with Lunch - San Miguel River,viator,22803P5,Telluride 1 Day Rafting Trip with Lunch - San Miguel River,water,true
22803P5-82,https://media-cdn.tripadvisor.com/media/attractions-splice-spp-720x480/12/5a/2e/09.jpg,https://media-cdn.tripadvisor.com/media/attractions-splice-spp-720x480/12/5a/2e/09.jpg,https://media-cdn.tripadvisor.com/media/attractions-splice-spp-720x480/12/5a/2e/09.jpg,https://media-cdn.tripadvisor.com/media/attractions-splice-spp-720x480/12/5a/2e/09.jpg,720,480,Viator,,Telluride 1 Day Rafting Trip with Lunch - San Miguel River,Telluride 1 Day Rafting Trip with Lunch - San Miguel River,viator,22803P5,Telluride 1 Day Rafting Trip with Lunch - San Miguel River,water,false
22803P5-83,https://media-cdn.tripadvisor.com/media/attractions-splice-spp-720x480/07/ba/4a/7e.jpg,https://media-cdn.tripadvisor.com/media/attractions-splice-spp-720x480/07/ba/4a/7e.jpg,https://media-cdn.tripadvisor.com/media/attractions-splice-spp-720x480/07/ba/4a/7e.jpg,https://media-cdn.tripadvisor.com/media/attractions-splice-spp-720x480/07/ba/4a/7e.jpg,720,480,Viator,,Telluride 1 Day Rafting Trip with Lunch - San Miguel River,Telluride 1 Day Rafting Trip with Lunch - San Miguel River,viator,22803P5,Telluride 1 Day Rafting Trip with Lunch - San Miguel River,water,false
22803P5-84,https://media-cdn.tripadvisor.com/media/attractions-splice-spp-720x480/12/5a/37/4d.jpg,https://media-cdn.tripadvisor.com/media/attractions-splice-spp-720x480/12/5a/37/4d.jpg,https://media-cdn.tripadvisor.com/media/attractions-splice-spp-720x480/12/5a/37/4d.jpg,https://media-cdn.tripadvisor.com/media/attractions-splice-spp-720x480/12/5a/37/4d.jpg,720,480,Viator,,Telluride 1 Day Rafting Trip with Lunch - San Miguel River,Telluride 1 Day Rafting Trip with Lunch - San Miguel River,viator,22803P5,Telluride 1 Day Rafting Trip with Lunch - San Miguel River,water,false
22803P5-85,https://media-cdn.tripadvisor.com/media/attractions-splice-spp-720x480/12/5a/37/4f.jpg,https://media-cdn.tripadvisor.com/media/attractions-splice-spp-720x480/12/5a/37/4f.jpg,https://media-cdn.tripadvisor.com/media/attractions-splice-spp-720x480/12/5a/37/4f.jpg,https://media-cdn.tripadvisor.com/media/attractions-splice-spp-720x480/12/5a/37/4f.jpg,720,480,Viator,,Telluride 1 Day Rafting Trip with Lunch - San Miguel River,Telluride 1 Day Rafting Trip with Lunch - San Miguel River,viator,22803P5,Telluride 1 Day Rafting Trip with Lunch - San Miguel River,water,false
22803P5-86,https://media-cdn.tripadvisor.com/media/attractions-splice-spp-720x480/12/5a/37/50.jpg,https://media-cdn.tripadvisor.com/media/attractions-splice-spp-720x480/12/5a/37/50.jpg,https://media-cdn.tripadvisor.com/media/attractions-splice-spp-720x480/12/5a/37/50.jpg,https://media-cdn.tripadvisor.com/media/attractions-splice-spp-720x480/12/5a/37/50.jpg,720,480,Viator,,Telluride 1 Day Rafting Trip with Lunch - San Miguel River,Telluride 1 Day Rafting Trip with Lunch - San Miguel River,viator,22803P5,Telluride 1 Day Rafting Trip with Lunch - San Miguel River,water,false
22803P5-87,https://media-cdn.tripadvisor.com/media/attractions-splice-spp-720x480/12/5a/36/86.jpg,https://media-cdn.tripadvisor.com/media/attractions-splice-spp-720x480/12/5a/36/86.jpg,https://media-cdn.tripadvisor.com/media/attractions-splice-spp-720x480/12/5a/36/86.jpg,https://media-cdn.tripadvisor.com/media/attractions-splice-spp-720x480/12/5a/36/86.jpg,720,480,Viator,,Telluride 1 Day Rafting Trip with Lunch - San Miguel River,Telluride 1 Day Rafting Trip with Lunch - San Miguel River,viator,22803P5,Telluride 1 Day Rafting Trip with Lunch - San Miguel River,water,false
22803P5-88,https://media-cdn.tripadvisor.com/media/attractions-splice-spp-720x480/12/5a/31/0e.jpg,https://media-cdn.tripadvisor.com/media/attractions-splice-spp-720x480/12/5a/31/0e.jpg,https://media-cdn.tripadvisor.com/media/attractions-splice-spp-720x480/12/5a/31/0e.jpg,https://media-cdn.tripadvisor.com/media/attractions-splice-spp-720x480/12/5a/31/0e.jpg,720,480,Viator,,Telluride 1 Day Rafting Trip with Lunch - San Miguel River,Telluride 1 Day Rafting Trip with Lunch - San Miguel River,viator,22803P5,Telluride 1 Day Rafting Trip with Lunch - San Miguel River,water,false
22803P5-89,https://media-cdn.tripadvisor.com/media/attractions-splice-spp-720x480/12/5a/2c/29.jpg,https://media-cdn.tripadvisor.com/media/attractions-splice-spp-720x480/12/5a/2c/29.jpg,https://media-cdn.tripadvisor.com/media/attractions-splice-spp-720x480/12/5a/2c/29.jpg,https://media-cdn.tripadvisor.com/media/attractions-splice-spp-720x480/12/5a/2c/29.jpg,720,480,Viator,,Telluride 1 Day Rafting Trip with Lunch - San Miguel River,Telluride 1 Day Rafting Trip with Lunch - San Miguel River,viator,22803P5,Telluride 1 Day Rafting Trip with Lunch - San Miguel River,water,false
22803P5-90,https://media-cdn.tripadvisor.com/media/attractions-splice-spp-720x480/12/5a/50/cd.jpg,https://media-cdn.tripadvisor.com/media/attractions-splice-spp-720x480/12/5a/50/cd.jpg,https://media-cdn.tripadvisor.com/media/attractions-splice-spp-720x480/12/5a/50/cd.jpg,https://media-cdn.tripadvisor.com/media/attractions-splice-spp-720x480/12/5a/50/cd.jpg,720,480,Viator,,Telluride 1 Day Rafting Trip with Lunch - San Miguel River,Telluride 1 Day Rafting Trip with Lunch - San Miguel River,viator,22803P5,Telluride 1 Day Rafting Trip with Lunch - San Miguel River,water,false
22803P5-91,https://media-cdn.tripadvisor.com/media/attractions-splice-spp-720x480/12/5a/2b/67.jpg,https://media-cdn.tripadvisor.com/media/attractions-splice-spp-720x480/12/5a/2b/67.jpg,https://media-cdn.tripadvisor.com/media/attractions-splice-spp-720x480/12/5a/2b/67.jpg,https://media-cdn.tripadvisor.com/media/attractions-splice-spp-720x480/12/5a/2b/67.jpg,720,480,Viator,,Telluride 1 Day Rafting Trip with Lunch - San Miguel River,Telluride 1 Day Rafting Trip with Lunch - San Miguel River,viator,22803P5,Telluride 1 Day Rafting Trip with Lunch - San Miguel River,water,false
22803P5-92,https://media-cdn.tripadvisor.com/media/attractions-splice-spp-720x480/12/5a/50/cf.jpg,https://media-cdn.tripadvisor.com/media/attractions-splice-spp-720x480/12/5a/50/cf.jpg,https://media-cdn.tripadvisor.com/media/attractions-splice-spp-720x480/12/5a/50/cf.jpg,https://media-cdn.tripadvisor.com/media/attractions-splice-spp-720x480/12/5a/50/cf.jpg,720,480,Viator,,Telluride 1 Day Rafting Trip with Lunch - San Miguel River,Telluride 1 Day Rafting Trip with Lunch - San Miguel River,viator,22803P5,Telluride 1 Day Rafting Trip with Lunch - San Miguel River,water,false
22803P5-93,https://media-cdn.tripadvisor.com/media/attractions-splice-spp-720x480/12/5a/2b/6c.jpg,https://media-cdn.tripadvisor.com/media/attractions-splice-spp-720x480/12/5a/2b/6c.jpg,https://media-cdn.tripadvisor.com/media/attractions-splice-spp-720x480/12/5a/2b/6c.jpg,https://media-cdn.tripadvisor.com/media/attractions-splice-spp-720x480/12/5a/2b/6c.jpg,720,480,Viator,,Telluride 1 Day Rafting Trip with Lunch - San Miguel River,Telluride 1 Day Rafting Trip with Lunch - San Miguel River,viator,22803P5,Telluride 1 Day Rafting Trip with Lunch - San Miguel River,water,false
22803P5-94,https://media-cdn.tripadvisor.com/media/attractions-splice-spp-720x480/12/5a/2b/72.jpg,https://media-cdn.tripadvisor.com/media/attractions-splice-spp-720x480/12/5a/2b/72.jpg,https://media-cdn.tripadvisor.com/media/attractions-splice-spp-720x480/12/5a/2b/72.jpg,https://media-cdn.tripadvisor.com/media/attractions-splice-spp-720x480/12/5a/2b/72.jpg,720,480,Viator,,Telluride 1 Day Rafting Trip with Lunch - San Miguel River,Telluride 1 Day Rafting Trip with Lunch - San Miguel River,viator,22803P5,Telluride 1 Day Rafting Trip with Lunch - San Miguel River,water,false
22803P5-95,https://media-cdn.tripadvisor.com/media/attractions-splice-spp-720x480/12/5a/2b/76.jpg,https://media-cdn.tripadvisor.com/media/attractions-splice-spp-720x480/12/5a/2b/76.jpg,https://media-cdn.tripadvisor.com/media/attractions-splice-spp-720x480/12/5a/2b/76.jpg,https://media-cdn.tripadvisor.com/media/attractions-splice-spp-720x480/12/5a/2b/76.jpg,720,480,Viator,,Telluride 1 Day Rafting Trip with Lunch - San Miguel River,Telluride 1 Day Rafting Trip with Lunch - San Miguel River,viator,22803P5,Telluride 1 Day Rafting Trip with Lunch - San Miguel River,water,false
22803P39-96,https://media-cdn.tripadvisor.com/media/attractions-splice-spp-720x480/15/90/cb/67.jpg,https://media-cdn.tripadvisor.com/media/attractions-splice-spp-720x480/15/90/cb/67.jpg,https://media-cdn.tripadvisor.com/media/attractions-splice-spp-720x480/15/90/cb/67.jpg,https://media-cdn.tripadvisor.com/media/attractions-splice-spp-720x480/15/90/cb/67.jpg,720,480,Viator,, Telluride Half Day Jeep Tours, Telluride Half Day Jeep Tours,viator,22803P39, Telluride Half Day Jeep Tours,winter,true
22803P39-97,https://media-cdn.tripadvisor.com/media/attractions-splice-spp-720x480/15/90/cb/68.jpg,https://media-cdn.tripadvisor.com/media/attractions-splice-spp-720x480/15/90/cb/68.jpg,https://media-cdn.tripadvisor.com/media/attractions-splice-spp-720x480/15/90/cb/68.jpg,https://media-cdn.tripadvisor.com/media/attractions-splice-spp-720x480/15/90/cb/68.jpg,720,480,Viator,, Telluride Half Day Jeep Tours, Telluride Half Day Jeep Tours,viator,22803P39, Telluride Half Day Jeep Tours,winter,false
22803P39-98,https://media-cdn.tripadvisor.com/media/attractions-splice-spp-720x480/15/86/47/d0.jpg,https://media-cdn.tripadvisor.com/media/attractions-splice-spp-720x480/15/86/47/d0.jpg,https://media-cdn.tripadvisor.com/media/attractions-splice-spp-720x480/15/86/47/d0.jpg,https://media-cdn.tripadvisor.com/media/attractions-splice-spp-720x480/15/86/47/d0.jpg,720,480,Viator,, Telluride Half Day Jeep Tours, Telluride Half Day Jeep Tours,viator,22803P39, Telluride Half Day Jeep Tours,winter,false
22803P39-99,https://media-cdn.tripadvisor.com/media/attractions-splice-spp-720x480/15/86/47/d1.jpg,https://media-cdn.tripadvisor.com/media/attractions-splice-spp-720x480/15/86/47/d1.jpg,https://media-cdn.tripadvisor.com/media/attractions-splice-spp-720x480/15/86/47/d1.jpg,https://media-cdn.tripadvisor.com/media/attractions-splice-spp-720x480/15/86/47/d1.jpg,720,480,Viator,, Telluride Half Day Jeep Tours, Telluride Half Day Jeep Tours,viator,22803P39, Telluride Half Day Jeep Tours,winter,false
22803P39-100,https://media-cdn.tripadvisor.com/media/attractions-splice-spp-720x480/15/86/47/d2.jpg,https://media-cdn.tripadvisor.com/media/attractions-splice-spp-720x480/15/86/47/d2.jpg,https://media-cdn.tripadvisor.com/media/attractions-splice-spp-720x480/15/86/47/d2.jpg,https://media-cdn.tripadvisor.com/media/attractions-splice-spp-720x480/15/86/47/d2.jpg,720,480,Viator,, Telluride Half Day Jeep Tours, Telluride Half Day Jeep Tours,viator,22803P39, Telluride Half Day Jeep Tours,winter,false
259640P25-111,https://media-cdn.tripadvisor.com/media/attractions-splice-spp-720x480/15/52/54/e9.jpg,https://media-cdn.tripadvisor.com/media/attractions-splice-spp-720x480/15/52/54/e9.jpg,https://media-cdn.tripadvisor.com/media/attractions-splice-spp-720x480/15/52/54/e9.jpg,https://media-cdn.tripadvisor.com/media/attractions-splice-spp-720x480/15/52/54/e9.jpg,720,480,Viator,,Black Canyon of the Gunnison NP Self-Guided Driving Audio Tour,Black Canyon of the Gunnison NP Self-Guided Driving Audio Tour,viator,259640P25,Black Canyon of the Gunnison NP Self-Guided Driving Audio Tour,water,true
259640P25-112,https://media-cdn.tripadvisor.com/media/attractions-splice-spp-720x480/13/18/68/d1.jpg,https://media-cdn.tripadvisor.com/media/attractions-splice-spp-720x480/13/18/68/d1.jpg,https://media-cdn.tripadvisor.com/media/attractions-splice-spp-720x480/13/18/68/d1.jpg,https://media-cdn.tripadvisor.com/media/attractions-splice-spp-720x480/13/18/68/d1.jpg,720,480,Viator,,Black Canyon of the Gunnison NP Self-Guided Driving Audio Tour,Black Canyon of the Gunnison NP Self-Guided Driving Audio Tour,viator,259640P25,Black Canyon of the Gunnison NP Self-Guided Driving Audio Tour,water,false
259640P25-113,https://media-cdn.tripadvisor.com/media/attractions-splice-spp-720x480/13/18/68/c7.jpg,https://media-cdn.tripadvisor.com/media/attractions-splice-spp-720x480/13/18/68/c7.jpg,https://media-cdn.tripadvisor.com/media/attractions-splice-spp-720x480/13/18/68/c7.jpg,https://media-cdn.tripadvisor.com/media/attractions-splice-spp-720x480/13/18/68/c7.jpg,720,480,Viator,,Black Canyon of the Gunnison NP Self-Guided Driving Audio Tour,Black Canyon of the Gunnison NP Self-Guided Driving Audio Tour,viator,259640P25,Black Canyon of the Gunnison NP Self-Guided Driving Audio Tour,water,false
259640P25-114,https://media-cdn.tripadvisor.com/media/attractions-splice-spp-720x480/13/92/55/e4.jpg,https://media-cdn.tripadvisor.com/media/attractions-splice-spp-720x480/13/92/55/e4.jpg,https://media-cdn.tripadvisor.com/media/attractions-splice-spp-720x480/13/92/55/e4.jpg,https://media-cdn.tripadvisor.com/media/attractions-splice-spp-720x480/13/92/55/e4.jpg,720,480,Viator,,Black Canyon of the Gunnison NP Self-Guided Driving Audio Tour,Black Canyon of the Gunnison NP Self-Guided Driving Audio Tour,viator,259640P25,Black Canyon of the Gunnison NP Self-Guided Driving Audio Tour,water,false
259640P25-115,https://media-cdn.tripadvisor.com/media/attractions-splice-spp-720x480/13/92/64/ff.jpg,https://media-cdn.tripadvisor.com/media/attractions-splice-spp-720x480/13/92/64/ff.jpg,https://media-cdn.tripadvisor.com/media/attractions-splice-spp-720x480/13/92/64/ff.jpg,https://media-cdn.tripadvisor.com/media/attractions-splice-spp-720x480/13/92/64/ff.jpg,720,480,Viator,,Black Canyon of the Gunnison NP Self-Guided Driving Audio Tour,Black Canyon of the Gunnison NP Self-Guided Driving Audio Tour,viator,259640P25,Black Canyon of the Gunnison NP Self-Guided Driving Audio Tour,water,false
259640P25-116,https://media-cdn.tripadvisor.com/media/attractions-splice-spp-720x480/13/18/68/ce.jpg,https://media-cdn.tripadvisor.com/media/attractions-splice-spp-720x480/13/18/68/ce.jpg,https://media-cdn.tripadvisor.com/media/attractions-splice-spp-720x480/13/18/68/ce.jpg,https://media-cdn.tripadvisor.com/media/attractions-splice-spp-720x480/13/18/68/ce.jpg,720,480,Viator,,Black Canyon of the Gunnison NP Self-Guided Driving Audio Tour,Black Canyon of the Gunnison NP Self-Guided Driving Audio Tour,viator,259640P25,Black Canyon of the Gunnison NP Self-Guided Driving Audio Tour,water,false
259640P25-117,https://media-cdn.tripadvisor.com/media/attractions-splice-spp-720x480/13/18/68/cf.jpg,https://media-cdn.tripadvisor.com/media/attractions-splice-spp-720x480/13/18/68/cf.jpg,https://media-cdn.tripadvisor.com/media/attractions-splice-spp-720x480/13/18/68/cf.jpg,https://media-cdn.tripadvisor.com/media/attractions-splice-spp-720x480/13/18/68/cf.jpg,720,480,Viator,,Black Canyon of the Gunnison NP Self-Guided Driving Audio Tour,Black Canyon of the Gunnison NP Self-Guided Driving Audio Tour,viator,259640P25,Black Canyon of the Gunnison NP Self-Guided Driving Audio Tour,water,false
259640P25-118,https://media-cdn.tripadvisor.com/media/attractions-splice-spp-720x480/13/18/68/d3.jpg,https://media-cdn.tripadvisor.com/media/attractions-splice-spp-720x480/13/18/68/d3.jpg,https://media-cdn.tripadvisor.com/media/attractions-splice-spp-720x480/13/18/68/d3.jpg,https://media-cdn.tripadvisor.com/media/attractions-splice-spp-720x480/13/18/68/d3.jpg,720,480,Viator,,Black Canyon of the Gunnison NP Self-Guided Driving Audio Tour,Black Canyon of the Gunnison NP Self-Guided Driving Audio Tour,viator,259640P25,Black Canyon of the Gunnison NP Self-Guided Driving Audio Tour,water,false
259640P25-119,https://media-cdn.tripadvisor.com/media/attractions-splice-spp-720x480/13/18/68/d4.jpg,https://media-cdn.tripadvisor.com/media/attractions-splice-spp-720x480/13/18/68/d4.jpg,https://media-cdn.tripadvisor.com/media/attractions-splice-spp-720x480/13/18/68/d4.jpg,https://media-cdn.tripadvisor.com/media/attractions-splice-spp-720x480/13/18/68/d4.jpg,720,480,Viator,,Black Canyon of the Gunnison NP Self-Guided Driving Audio Tour,Black Canyon of the Gunnison NP Self-Guided Driving Audio Tour,viator,259640P25,Black Canyon of the Gunnison NP Self-Guided Driving Audio Tour,water,false
259640P25-120,https://media-cdn.tripadvisor.com/media/attractions-splice-spp-720x480/13/18/68/d5.jpg,https://media-cdn.tripadvisor.com/media/attractions-splice-spp-720x480/13/18/68/d5.jpg,https://media-cdn.tripadvisor.com/media/attractions-splice-spp-720x480/13/18/68/d5.jpg,https://media-cdn.tripadvisor.com/media/attractions-splice-spp-720x480/13/18/68/d5.jpg,720,480,Viator,,Black Canyon of the Gunnison NP Self-Guided Driving Audio Tour,Black Canyon of the Gunnison NP Self-Guided Driving Audio Tour,viator,259640P25,Black Canyon of the Gunnison NP Self-Guided Driving Audio Tour,water,false
259640P25-121,https://media-cdn.tripadvisor.com/media/attractions-splice-spp-720x480/13/18/68/f5.jpg,https://media-cdn.tripadvisor.com/media/attractions-splice-spp-720x480/13/18/68/f5.jpg,https://media-cdn.tripadvisor.com/media/attractions-splice-spp-720x480/13/18/68/f5.jpg,https://media-cdn.tripadvisor.com/media/attractions-splice-spp-720x480/13/18/68/f5.jpg,720,480,Viator,,Black Canyon of the Gunnison NP Self-Guided Driving Audio Tour,Black Canyon of the Gunnison NP Self-Guided Driving Audio Tour,viator,259640P25,Black Canyon of the Gunnison NP Self-Guided Driving Audio Tour,water,false
259640P25-122,https://media-cdn.tripadvisor.com/media/attractions-splice-spp-720x480/13/18/68/f7.jpg,https://media-cdn.tripadvisor.com/media/attractions-splice-spp-720x480/13/18/68/f7.jpg,https://media-cdn.tripadvisor.com/media/attractions-splice-spp-720x480/13/18/68/f7.jpg,https://media-cdn.tripadvisor.com/media/attractions-splice-spp-720x480/13/18/68/f7.jpg,720,480,Viator,,Black Canyon of the Gunnison NP Self-Guided Driving Audio Tour,Black Canyon of the Gunnison NP Self-Guided Driving Audio Tour,viator,259640P25,Black Canyon of the Gunnison NP Self-Guided Driving Audio Tour,water,false
259640P25-123,https://media-cdn.tripadvisor.com/media/attractions-splice-spp-720x480/13/18/68/ff.jpg,https://media-cdn.tripadvisor.com/media/attractions-splice-spp-720x480/13/18/68/ff.jpg,https://media-cdn.tripadvisor.com/media/attractions-splice-spp-720x480/13/18/68/ff.jpg,https://media-cdn.tripadvisor.com/media/attractions-splice-spp-720x480/13/18/68/ff.jpg,720,480,Viator,,Black Canyon of the Gunnison NP Self-Guided Driving Audio Tour,Black Canyon of the Gunnison NP Self-Guided Driving Audio Tour,viator,259640P25,Black Canyon of the Gunnison NP Self-Guided Driving Audio Tour,water,false
259640P25-124,https://media-cdn.tripadvisor.com/media/attractions-splice-spp-720x480/13/18/69/02.jpg,https://media-cdn.tripadvisor.com/media/attractions-splice-spp-720x480/13/18/69/02.jpg,https://media-cdn.tripadvisor.com/media/attractions-splice-spp-720x480/13/18/69/02.jpg,https://media-cdn.tripadvisor.com/media/attractions-splice-spp-720x480/13/18/69/02.jpg,720,480,Viator,,Black Canyon of the Gunnison NP Self-Guided Driving Audio Tour,Black Canyon of the Gunnison NP Self-Guided Driving Audio Tour,viator,259640P25,Black Canyon of the Gunnison NP Self-Guided Driving Audio Tour,water,false
259640P25-125,https://media-cdn.tripadvisor.com/media/attractions-splice-spp-720x480/13/18/69/08.jpg,https://media-cdn.tripadvisor.com/media/attractions-splice-spp-720x480/13/18/69/08.jpg,https://media-cdn.tripadvisor.com/media/attractions-splice-spp-720x480/13/18/69/08.jpg,https://media-cdn.tripadvisor.com/media/attractions-splice-spp-720x480/13/18/69/08.jpg,720,480,Viator,,Black Canyon of the Gunnison NP Self-Guided Driving Audio Tour,Black Canyon of the Gunnison NP Self-Guided Driving Audio Tour,viator,259640P25,Black Canyon of the Gunnison NP Self-Guided Driving Audio Tour,water,false
259640P25-126,https://media-cdn.tripadvisor.com/media/attractions-splice-spp-720x480/13/18/69/0f.jpg,https://media-cdn.tripadvisor.com/media/attractions-splice-spp-720x480/13/18/69/0f.jpg,https://media-cdn.tripadvisor.com/media/attractions-splice-spp-720x480/13/18/69/0f.jpg,https://media-cdn.tripadvisor.com/media/attractions-splice-spp-720x480/13/18/69/0f.jpg,720,480,Viator,,Black Canyon of the Gunnison NP Self-Guided Driving Audio Tour,Black Canyon of the Gunnison NP Self-Guided Driving Audio Tour,viator,259640P25,Black Canyon of the Gunnison NP Self-Guided Driving Audio Tour,water,false
259640P25-127,https://media-cdn.tripadvisor.com/media/attractions-splice-spp-720x480/13/18/69/11.jpg,https://media-cdn.tripadvisor.com/media/attractions-splice-spp-720x480/13/18/69/11.jpg,https://media-cdn.tripadvisor.com/media/attractions-splice-spp-720x480/13/18/69/11.jpg,https://media-cdn.tripadvisor.com/media/attractions-splice-spp-720x480/13/18/69/11.jpg,720,480,Viator,,Black Canyon of the Gunnison NP Self-Guided Driving Audio Tour,Black Canyon of the Gunnison NP Self-Guided Driving Audio Tour,viator,259640P25,Black Canyon of the Gunnison NP Self-Guided Driving Audio Tour,water,false
259640P25-128,https://media-cdn.tripadvisor.com/media/attractions-splice-spp-720x480/13/18/69/12.jpg,https://media-cdn.tripadvisor.com/media/attractions-splice-spp-720x480/13/18/69/12.jpg,https://media-cdn.tripadvisor.com/media/attractions-splice-spp-720x480/13/18/69/12.jpg,https://media-cdn.tripadvisor.com/media/attractions-splice-spp-720x480/13/18/69/12.jpg,720,480,Viator,,Black Canyon of the Gunnison NP Self-Guided Driving Audio Tour,Black Canyon of the Gunnison NP Self-Guided Driving Audio Tour,viator,259640P25,Black Canyon of the Gunnison NP Self-Guided Driving Audio Tour,water,false
259640P25-129,https://media-cdn.tripadvisor.com/media/attractions-splice-spp-720x480/13/18/69/13.jpg,https://media-cdn.tripadvisor.com/media/attractions-splice-spp-720x480/13/18/69/13.jpg,https://media-cdn.tripadvisor.com/media/attractions-splice-spp-720x480/13/18/69/13.jpg,https://media-cdn.tripadvisor.com/media/attractions-splice-spp-720x480/13/18/69/13.jpg,720,480,Viator,,Black Canyon of the Gunnison NP Self-Guided Driving Audio Tour,Black Canyon of the Gunnison NP Self-Guided Driving Audio Tour,viator,259640P25,Black Canyon of the Gunnison NP Self-Guided Driving Audio Tour,water,false
259640P25-130,https://media-cdn.tripadvisor.com/media/attractions-splice-spp-720x480/13/18/69/14.jpg,https://media-cdn.tripadvisor.com/media/attractions-splice-spp-720x480/13/18/69/14.jpg,https://media-cdn.tripadvisor.com/media/attractions-splice-spp-720x480/13/18/69/14.jpg,https://media-cdn.tripadvisor.com/media/attractions-splice-spp-720x480/13/18/69/14.jpg,720,480,Viator,,Black Canyon of the Gunnison NP Self-Guided Driving Audio Tour,Black Canyon of the Gunnison NP Self-Guided Driving Audio Tour,viator,259640P25,Black Canyon of the Gunnison NP Self-Guided Driving Audio Tour,water,false
259640P25-131,https://media-cdn.tripadvisor.com/media/attractions-splice-spp-720x480/13/18/69/15.jpg,https://media-cdn.tripadvisor.com/media/attractions-splice-spp-720x480/13/18/69/15.jpg,https://media-cdn.tripadvisor.com/media/attractions-splice-spp-720x480/13/18/69/15.jpg,https://media-cdn.tripadvisor.com/media/attractions-splice-spp-720x480/13/18/69/15.jpg,720,480,Viator,,Black Canyon of the Gunnison NP Self-Guided Driving Audio Tour,Black Canyon of the Gunnison NP Self-Guided Driving Audio Tour,viator,259640P25,Black Canyon of the Gunnison NP Self-Guided Driving Audio Tour,water,false
200006P131-132,https://media-cdn.tripadvisor.com/media/attractions-splice-spp-720x480/0c/01/2c/f5.jpg,https://media-cdn.tripadvisor.com/media/attractions-splice-spp-720x480/0c/01/2c/f5.jpg,https://media-cdn.tripadvisor.com/media/attractions-splice-spp-720x480/0c/01/2c/f5.jpg,https://media-cdn.tripadvisor.com/media/attractions-splice-spp-720x480/0c/01/2c/f5.jpg,720,480,Viator,,Telluride Tirade Scavenger Hunt,Telluride Tirade Scavenger Hunt,viator,200006P131,Telluride Tirade Scavenger Hunt,hiking,true
200006P131-133,https://media-cdn.tripadvisor.com/media/attractions-splice-spp-720x480/10/0a/5a/cd.jpg,https://media-cdn.tripadvisor.com/media/attractions-splice-spp-720x480/10/0a/5a/cd.jpg,https://media-cdn.tripadvisor.com/media/attractions-splice-spp-720x480/10/0a/5a/cd.jpg,https://media-cdn.tripadvisor.com/media/attractions-splice-spp-720x480/10/0a/5a/cd.jpg,720,480,Viator,,Telluride Tirade Scavenger Hunt,Telluride Tirade Scavenger Hunt,viator,200006P131,Telluride Tirade Scavenger Hunt,hiking,false
200006P131-134,https://media-cdn.tripadvisor.com/media/attractions-splice-spp-720x480/0c/08/ee/b1.jpg,https://media-cdn.tripadvisor.com/media/attractions-splice-spp-720x480/0c/08/ee/b1.jpg,https://media-cdn.tripadvisor.com/media/attractions-splice-spp-720x480/0c/08/ee/b1.jpg,https://media-cdn.tripadvisor.com/media/attractions-splice-spp-720x480/0c/08/ee/b1.jpg,720,480,Viator,,Telluride Tirade Scavenger Hunt,Telluride Tirade Scavenger Hunt,viator,200006P131,Telluride Tirade Scavenger Hunt,hiking,false
200006P131-135,https://media-cdn.tripadvisor.com/media/attractions-splice-spp-720x480/10/0a/5c/33.jpg,https://media-cdn.tripadvisor.com/media/attractions-splice-spp-720x480/10/0a/5c/33.jpg,https://media-cdn.tripadvisor.com/media/attractions-splice-spp-720x480/10/0a/5c/33.jpg,https://media-cdn.tripadvisor.com/media/attractions-splice-spp-720x480/10/0a/5c/33.jpg,720,480,Viator,,Telluride Tirade Scavenger Hunt,Telluride Tirade Scavenger Hunt,viator,200006P131,Telluride Tirade Scavenger Hunt,hiking,false
200006P131-136,https://media-cdn.tripadvisor.com/media/attractions-splice-spp-720x480/10/0a/5b/b6.jpg,https://media-cdn.tripadvisor.com/media/attractions-splice-spp-720x480/10/0a/5b/b6.jpg,https://media-cdn.tripadvisor.com/media/attractions-splice-spp-720x480/10/0a/5b/b6.jpg,https://media-cdn.tripadvisor.com/media/attractions-splice-spp-720x480/10/0a/5b/b6.jpg,720,480,Viator,,Telluride Tirade Scavenger Hunt,Telluride Tirade Scavenger Hunt,viator,200006P131,Telluride Tirade Scavenger Hunt,hiking,false
200006P131-137,https://media-cdn.tripadvisor.com/media/attractions-splice-spp-720x480/10/3f/ab/5d.jpg,https://media-cdn.tripadvisor.com/media/attractions-splice-spp-720x480/10/3f/ab/5d.jpg,https://media-cdn.tripadvisor.com/media/attractions-splice-spp-720x480/10/3f/ab/5d.jpg,https://media-cdn.tripadvisor.com/media/attractions-splice-spp-720x480/10/3f/ab/5d.jpg,720,480,Viator,,Telluride Tirade Scavenger Hunt,Telluride Tirade Scavenger Hunt,viator,200006P131,Telluride Tirade Scavenger Hunt,hiking,false
102020P169-138,https://media-cdn.tripadvisor.com/media/attractions-splice-spp-720x480/16/77/bd/41.jpg,https://media-cdn.tripadvisor.com/media/attractions-splice-spp-720x480/16/77/bd/41.jpg,https://media-cdn.tripadvisor.com/media/attractions-splice-spp-720x480/16/77/bd/41.jpg,https://media-cdn.tripadvisor.com/media/attractions-splice-spp-720x480/16/77/bd/41.jpg,720,480,Viator,,Black Canyon of the Gunnison Self-Guided Audio Driving Tour,Black Canyon of the Gunnison Self-Guided Audio Driving Tour,viator,102020P169,Black Canyon of the Gunnison Self-Guided Audio Driving Tour,hiking,true
102020P169-139,https://media-cdn.tripadvisor.com/media/attractions-splice-spp-720x480/16/77/bd/4d.jpg,https://media-cdn.tripadvisor.com/media/attractions-splice-spp-720x480/16/77/bd/4d.jpg,https://media-cdn.tripadvisor.com/media/attractions-splice-spp-720x480/16/77/bd/4d.jpg,https://media-cdn.tripadvisor.com/media/attractions-splice-spp-720x480/16/77/bd/4d.jpg,720,480,Viator,,Black Canyon of the Gunnison Self-Guided Audio Driving Tour,Black Canyon of the Gunnison Self-Guided Audio Driving Tour,viator,102020P169,Black Canyon of the Gunnison Self-Guided Audio Driving Tour,hiking,false
102020P169-140,https://media-cdn.tripadvisor.com/media/attractions-splice-spp-720x480/12/db/90/90.jpg,https://media-cdn.tripadvisor.com/media/attractions-splice-spp-720x480/12/db/90/90.jpg,https://media-cdn.tripadvisor.com/media/attractions-splice-spp-720x480/12/db/90/90.jpg,https://media-cdn.tripadvisor.com/media/attractions-splice-spp-720x480/12/db/90/90.jpg,720,480,Viator,,Black Canyon of the Gunnison Self-Guided Audio Driving Tour,Black Canyon of the Gunnison Self-Guided Audio Driving Tour,viator,102020P169,Black Canyon of the Gunnison Self-Guided Audio Driving Tour,hiking,false
102020P169-141,https://media-cdn.tripadvisor.com/media/attractions-splice-spp-720x480/16/44/cd/f5.jpg,https://media-cdn.tripadvisor.com/media/attractions-splice-spp-720x480/16/44/cd/f5.jpg,https://media-cdn.tripadvisor.com/media/attractions-splice-spp-720x480/16/44/cd/f5.jpg,https://media-cdn.tripadvisor.com/media/attractions-splice-spp-720x480/16/44/cd/f5.jpg,720,480,Viator,,Black Canyon of the Gunnison Self-Guided Audio Driving Tour,Black Canyon of the Gunnison Self-Guided Audio Driving Tour,viator,102020P169,Black Canyon of the Gunnison Self-Guided Audio Driving Tour,hiking,false
102020P169-142,https://media-cdn.tripadvisor.com/media/attractions-splice-spp-720x480/16/44/cd/f8.jpg,https://media-cdn.tripadvisor.com/media/attractions-splice-spp-720x480/16/44/cd/f8.jpg,https://media-cdn.tripadvisor.com/media/attractions-splice-spp-720x480/16/44/cd/f8.jpg,https://media-cdn.tripadvisor.com/media/attractions-splice-spp-720x480/16/44/cd/f8.jpg,720,480,Viator,,Black Canyon of the Gunnison Self-Guided Audio Driving Tour,Black Canyon of the Gunnison Self-Guided Audio Driving Tour,viator,102020P169,Black Canyon of the Gunnison Self-Guided Audio Driving Tour,hiking,false
102020P169-143,https://media-cdn.tripadvisor.com/media/attractions-splice-spp-720x480/16/44/cd/fc.jpg,https://media-cdn.tripadvisor.com/media/attractions-splice-spp-720x480/16/44/cd/fc.jpg,https://media-cdn.tripadvisor.com/media/attractions-splice-spp-720x480/16/44/cd/fc.jpg,https://media-cdn.tripadvisor.com/media/attractions-splice-spp-720x480/16/44/cd/fc.jpg,720,480,Viator,,Black Canyon of the Gunnison Self-Guided Audio Driving Tour,Black Canyon of the Gunnison Self-Guided Audio Driving Tour,viator,102020P169,Black Canyon of the Gunnison Self-Guided Audio Driving Tour,hiking,false
102020P169-144,https://media-cdn.tripadvisor.com/media/attractions-splice-spp-720x480/16/44/ce/00.jpg,https://media-cdn.tripadvisor.com/media/attractions-splice-spp-720x480/16/44/ce/00.jpg,https://media-cdn.tripadvisor.com/media/attractions-splice-spp-720x480/16/44/ce/00.jpg,https://media-cdn.tripadvisor.com/media/attractions-splice-spp-720x480/16/44/ce/00.jpg,720,480,Viator,,Black Canyon of the Gunnison Self-Guided Audio Driving Tour,Black Canyon of the Gunnison Self-Guided Audio Driving Tour,viator,102020P169,Black Canyon of the Gunnison Self-Guided Audio Driving Tour,hiking,false
102020P169-145,https://media-cdn.tripadvisor.com/media/attractions-splice-spp-720x480/16/44/ce/04.jpg,https://media-cdn.tripadvisor.com/media/attractions-splice-spp-720x480/16/44/ce/04.jpg,https://media-cdn.tripadvisor.com/media/attractions-splice-spp-720x480/16/44/ce/04.jpg,https://media-cdn.tripadvisor.com/media/attractions-splice-spp-720x480/16/44/ce/04.jpg,720,480,Viator,,Black Canyon of the Gunnison Self-Guided Audio Driving Tour,Black Canyon of the Gunnison Self-Guided Audio Driving Tour,viator,102020P169,Black Canyon of the Gunnison Self-Guided Audio Driving Tour,hiking,false
102020P169-146,https://media-cdn.tripadvisor.com/media/attractions-splice-spp-720x480/16/44/ce/06.jpg,https://media-cdn.tripadvisor.com/media/attractions-splice-spp-720x480/16/44/ce/06.jpg,https://media-cdn.tripadvisor.com/media/attractions-splice-spp-720x480/16/44/ce/06.jpg,https://media-cdn.tripadvisor.com/media/attractions-splice-spp-720x480/16/44/ce/06.jpg,720,480,Viator,,Black Canyon of the Gunnison Self-Guided Audio Driving Tour,Black Canyon of the Gunnison Self-Guided Audio Driving Tour,viator,102020P169,Black Canyon of the Gunnison Self-Guided Audio Driving Tour,hiking,false
102020P169-147,https://media-cdn.tripadvisor.com/media/attractions-splice-spp-720x480/16/44/ce/0c.jpg,https://media-cdn.tripadvisor.com/media/attractions-splice-spp-720x480/16/44/ce/0c.jpg,https://media-cdn.tripadvisor.com/media/attractions-splice-spp-720x480/16/44/ce/0c.jpg,https://media-cdn.tripadvisor.com/media/attractions-splice-spp-720x480/16/44/ce/0c.jpg,720,480,Viator,,Black Canyon of the Gunnison Self-Guided Audio Driving Tour,Black Canyon of the Gunnison Self-Guided Audio Driving Tour,viator,102020P169,Black Canyon of the Gunnison Self-Guided Audio Driving Tour,hiking,false
102020P169-148,https://media-cdn.tripadvisor.com/media/attractions-splice-spp-720x480/16/44/ce/12.jpg,https://media-cdn.tripadvisor.com/media/attractions-splice-spp-720x480/16/44/ce/12.jpg,https://media-cdn.tripadvisor.com/media/attractions-splice-spp-720x480/16/44/ce/12.jpg,https://media-cdn.tripadvisor.com/media/attractions-splice-spp-720x480/16/44/ce/12.jpg,720,480,Viator,,Black Canyon of the Gunnison Self-Guided Audio Driving Tour,Black Canyon of the Gunnison Self-Guided Audio Driving Tour,viator,102020P169,Black Canyon of the Gunnison Self-Guided Audio Driving Tour,hiking,false
102020P169-149,https://media-cdn.tripadvisor.com/media/attractions-splice-spp-720x480/16/44/ce/18.jpg,https://media-cdn.tripadvisor.com/media/attractions-splice-spp-720x480/16/44/ce/18.jpg,https://media-cdn.tripadvisor.com/media/attractions-splice-spp-720x480/16/44/ce/18.jpg,https://media-cdn.tripadvisor.com/media/attractions-splice-spp-720x480/16/44/ce/18.jpg,720,480,Viator,,Black Canyon of the Gunnison Self-Guided Audio Driving Tour,Black Canyon of the Gunnison Self-Guided Audio Driving Tour,viator,102020P169,Black Canyon of the Gunnison Self-Guided Audio Driving Tour,hiking,false
22803P50-150,https://media-cdn.tripadvisor.com/media/attractions-splice-spp-720x480/15/fd/5b/60.jpg,https://media-cdn.tripadvisor.com/media/attractions-splice-spp-720x480/15/fd/5b/60.jpg,https://media-cdn.tripadvisor.com/media/attractions-splice-spp-720x480/15/fd/5b/60.jpg,https://media-cdn.tripadvisor.com/media/attractions-splice-spp-720x480/15/fd/5b/60.jpg,720,480,Viator,,Telluride Paddleboard and Kayak Tours,Telluride Paddleboard and Kayak Tours,viator,22803P50,Telluride Paddleboard and Kayak Tours,winter,true
22803P50-151,https://media-cdn.tripadvisor.com/media/attractions-splice-spp-720x480/15/fd/5b/61.jpg,https://media-cdn.tripadvisor.com/media/attractions-splice-spp-720x480/15/fd/5b/61.jpg,https://media-cdn.tripadvisor.com/media/attractions-splice-spp-720x480/15/fd/5b/61.jpg,https://media-cdn.tripadvisor.com/media/attractions-splice-spp-720x480/15/fd/5b/61.jpg,720,480,Viator,,Telluride Paddleboard and Kayak Tours,Telluride Paddleboard and Kayak Tours,viator,22803P50,Telluride Paddleboard and Kayak Tours,winter,false
22803P50-152,https://media-cdn.tripadvisor.com/media/attractions-splice-spp-720x480/15/fd/5b/9c.jpg,https://media-cdn.tripadvisor.com/media/attractions-splice-spp-720x480/15/fd/5b/9c.jpg,https://media-cdn.tripadvisor.com/media/attractions-splice-spp-720x480/15/fd/5b/9c.jpg,https://media-cdn.tripadvisor.com/media/attractions-splice-spp-720x480/15/fd/5b/9c.jpg,720,480,Viator,,Telluride Paddleboard and Kayak Tours,Telluride Paddleboard and Kayak Tours,viator,22803P50,Telluride Paddleboard and Kayak Tours,winter,false
22803P50-153,https://media-cdn.tripadvisor.com/media/attractions-splice-spp-720x480/15/fd/5b/ab.jpg,https://media-cdn.tripadvisor.com/media/attractions-splice-spp-720x480/15/fd/5b/ab.jpg,https://media-cdn.tripadvisor.com/media/attractions-splice-spp-720x480/15/fd/5b/ab.jpg,https://media-cdn.tripadvisor.com/media/attractions-splice-spp-720x480/15/fd/5b/ab.jpg,720,480,Viator,,Telluride Paddleboard and Kayak Tours,Telluride Paddleboard and Kayak Tours,viator,22803P50,Telluride Paddleboard and Kayak Tours,winter,false
128730P20-154,https://media-cdn.tripadvisor.com/media/attractions-splice-spp-720x480/16/9c/4f/6e.jpg,https://media-cdn.tripadvisor.com/media/attractions-splice-spp-720x480/16/9c/4f/6e.jpg,https://media-cdn.tripadvisor.com/media/attractions-splice-spp-720x480/16/9c/4f/6e.jpg,https://media-cdn.tripadvisor.com/media/attractions-splice-spp-720x480/16/9c/4f/6e.jpg,720,480,Viator,,Full-Day Rock Climbing - Ouray,Full-Day Rock Climbing - Ouray,viator,128730P20,Full-Day Rock Climbing - Ouray,water,true
128730P20-155,https://media-cdn.tripadvisor.com/media/attractions-splice-spp-720x480/16/9c/4f/6c.jpg,https://media-cdn.tripadvisor.com/media/attractions-splice-spp-720x480/16/9c/4f/6c.jpg,https://media-cdn.tripadvisor.com/media/attractions-splice-spp-720x480/16/9c/4f/6c.jpg,https://media-cdn.tripadvisor.com/media/attractions-splice-spp-720x480/16/9c/4f/6c.jpg,720,480,Viator,,Full-Day Rock Climbing - Ouray,Full-Day Rock Climbing - Ouray,viator,128730P20,Full-Day Rock Climbing - Ouray,water,false
128730P20-156,https://media-cdn.tripadvisor.com/media/attractions-splice-spp-720x480/16/9c/4f/84.jpg,https://media-cdn.tripadvisor.com/media/attractions-splice-spp-720x480/16/9c/4f/84.jpg,https://media-cdn.tripadvisor.com/media/attractions-splice-spp-720x480/16/9c/4f/84.jpg,https://media-cdn.tripadvisor.com/media/attractions-splice-spp-720x480/16/9c/4f/84.jpg,720,480,Viator,,Full-Day Rock Climbing - Ouray,Full-Day Rock Climbing - Ouray,viator,128730P20,Full-Day Rock Climbing - Ouray,water,false
128730P20-157,https://media-cdn.tripadvisor.com/media/attractions-splice-spp-720x480/16/9c/4f/6f.jpg,https://media-cdn.tripadvisor.com/media/attractions-splice-spp-720x480/16/9c/4f/6f.jpg,https://media-cdn.tripadvisor.com/media/attractions-splice-spp-720x480/16/9c/4f/6f.jpg,https://media-cdn.tripadvisor.com/media/attractions-splice-spp-720x480/16/9c/4f/6f.jpg,720,480,Viator,,Full-Day Rock Climbing - Ouray,Full-Day Rock Climbing - Ouray,viator,128730P20,Full-Day Rock Climbing - Ouray,water,false
353772P1-173,https://media-cdn.tripadvisor.com/media/attractions-splice-spp-720x480/0f/0b/b3/b7.jpg,https://media-cdn.tripadvisor.com/media/attractions-splice-spp-720x480/0f/0b/b3/b7.jpg,https://media-cdn.tripadvisor.com/media/attractions-splice-spp-720x480/0f/0b/b3/b7.jpg,https://media-cdn.tripadvisor.com/media/attractions-splice-spp-720x480/0f/0b/b3/b7.jpg,720,480,Viator,,Stand Up Paddle Board Rentals,Stand Up Paddle Board Rentals,viator,353772P1,Stand Up Paddle Board Rentals,winter,true
353772P1-174,https://media-cdn.tripadvisor.com/media/attractions-splice-spp-720x480/0f/16/ee/60.jpg,https://media-cdn.tripadvisor.com/media/attractions-splice-spp-720x480/0f/16/ee/60.jpg,https://media-cdn.tripadvisor.com/media/attractions-splice-spp-720x480/0f/16/ee/60.jpg,https://media-cdn.tripadvisor.com/media/attractions-splice-spp-720x480/0f/16/ee/60.jpg,720,480,Viator,,Stand Up Paddle Board Rentals,Stand Up Paddle Board Rentals,viator,353772P1,Stand Up Paddle Board Rentals,winter,false
353772P1-175,https://media-cdn.tripadvisor.com/media/attractions-splice-spp-720x480/0f/16/ef/ec.jpg,https://media-cdn.tripadvisor.com/media/attractions-splice-spp-720x480/0f/16/ef/ec.jpg,https://media-cdn.tripadvisor.com/media/attractions-splice-spp-720x480/0f/16/ef/ec.jpg,https://media-cdn.tripadvisor.com/media/attractions-splice-spp-720x480/0f/16/ef/ec.jpg,720,480,Viator,,Stand Up Paddle Board Rentals,Stand Up Paddle Board Rentals,viator,353772P1,Stand Up Paddle Board Rentals,winter,false
353772P1-176,https://media-cdn.tripadvisor.com/media/attractions-splice-spp-720x480/0f/16/f0/05.jpg,https://media-cdn.tripadvisor.com/media/attractions-splice-spp-720x480/0f/16/f0/05.jpg,https://media-cdn.tripadvisor.com/media/attractions-splice-spp-720x480/0f/16/f0/05.jpg,https://media-cdn.tripadvisor.com/media/attractions-splice-spp-720x480/0f/16/f0/05.jpg,720,480,Viator,,Stand Up Paddle Board Rentals,Stand Up Paddle Board Rentals,viator,353772P1,Stand Up Paddle Board Rentals,winter,false
353772P1-177,https://media-cdn.tripadvisor.com/media/attractions-splice-spp-720x480/0f/16/f0/57.jpg,https://media-cdn.tripadvisor.com/media/attractions-splice-spp-720x480/0f/16/f0/57.jpg,https://media-cdn.tripadvisor.com/media/attractions-splice-spp-720x480/0f/16/f0/57.jpg,https://media-cdn.tripadvisor.com/media/attractions-splice-spp-720x480/0f/16/f0/57.jpg,720,480,Viator,,Stand Up Paddle Board Rentals,Stand Up Paddle Board Rentals,viator,353772P1,Stand Up Paddle Board Rentals,winter,false
353772P1-178,https://media-cdn.tripadvisor.com/media/attractions-splice-spp-720x480/0f/16/f0/76.jpg,https://media-cdn.tripadvisor.com/media/attractions-splice-spp-720x480/0f/16/f0/76.jpg,https://media-cdn.tripadvisor.com/media/attractions-splice-spp-720x480/0f/16/f0/76.jpg,https://media-cdn.tripadvisor.com/media/attractions-splice-spp-720x480/0f/16/f0/76.jpg,720,480,Viator,,Stand Up Paddle Board Rentals,Stand Up Paddle Board Rentals,viator,353772P1,Stand Up Paddle Board Rentals,winter,false
16649P9-184,https://media-cdn.tripadvisor.com/media/attractions-splice-spp-720x480/0e/c4/c0/02.jpg,https://media-cdn.tripadvisor.com/media/attractions-splice-spp-720x480/0e/c4/c0/02.jpg,https://media-cdn.tripadvisor.com/media/attractions-splice-spp-720x480/0e/c4/c0/02.jpg,https://media-cdn.tripadvisor.com/media/attractions-splice-spp-720x480/0e/c4/c0/02.jpg,720,480,Viator,,"Telluride ~ ""Half-Day"" Rafting Lower San Miguel River ","Telluride ~ ""Half-Day"" Rafting Lower San Miguel River ",viator,16649P9,"Telluride ~ ""Half-Day"" Rafting Lower San Miguel River ",water,true
16649P9-185,https://media-cdn.tripadvisor.com/media/attractions-splice-spp-720x480/0e/c4/c0/03.jpg,https://media-cdn.tripadvisor.com/media/attractions-splice-spp-720x480/0e/c4/c0/03.jpg,https://media-cdn.tripadvisor.com/media/attractions-splice-spp-720x480/0e/c4/c0/03.jpg,https://media-cdn.tripadvisor.com/media/attractions-splice-spp-720x480/0e/c4/c0/03.jpg,720,480,Viator,,"Telluride ~ ""Half-Day"" Rafting Lower San Miguel River ","Telluride ~ ""Half-Day"" Rafting Lower San Miguel River ",viator,16649P9,"Telluride ~ ""Half-Day"" Rafting Lower San Miguel River ",water,false
16649P9-186,https://media-cdn.tripadvisor.com/media/attractions-splice-spp-720x480/0e/b1/92/31.jpg,https://media-cdn.tripadvisor.com/media/attractions-splice-spp-720x480/0e/b1/92/31.jpg,https://media-cdn.tripadvisor.com/media/attractions-splice-spp-720x480/0e/b1/92/31.jpg,https://media-cdn.tripadvisor.com/media/attractions-splice-spp-720x480/0e/b1/92/31.jpg,720,480,Viator,,"Telluride ~ ""Half-Day"" Rafting Lower San Miguel River ","Telluride ~ ""Half-Day"" Rafting Lower San Miguel River ",viator,16649P9,"Telluride ~ ""Half-Day"" Rafting Lower San Miguel River ",water,false
16649P9-187,https://media-cdn.tripadvisor.com/media/attractions-splice-spp-720x480/0e/b1/92/00.jpg,https://media-cdn.tripadvisor.com/media/attractions-splice-spp-720x480/0e/b1/92/00.jpg,https://media-cdn.tripadvisor.com/media/attractions-splice-spp-720x480/0e/b1/92/00.jpg,https://media-cdn.tripadvisor.com/media/attractions-splice-spp-720x480/0e/b1/92/00.jpg,720,480,Viator,,"Telluride ~ ""Half-Day"" Rafting Lower San Miguel River ","Telluride ~ ""Half-Day"" Rafting Lower San Miguel River ",viator,16649P9,"Telluride ~ ""Half-Day"" Rafting Lower San Miguel River ",water,false
16649P9-188,https://media-cdn.tripadvisor.com/media/attractions-splice-spp-720x480/0e/ad/4b/5e.jpg,https://media-cdn.tripadvisor.com/media/attractions-splice-spp-720x480/0e/ad/4b/5e.jpg,https://media-cdn.tripadvisor.com/media/attractions-splice-spp-720x480/0e/ad/4b/5e.jpg,https://media-cdn.tripadvisor.com/media/attractions-splice-spp-720x480/0e/ad/4b/5e.jpg,720,480,Viator,,"Telluride ~ ""Half-Day"" Rafting Lower San Miguel River ","Telluride ~ ""Half-Day"" Rafting Lower San Miguel River ",viator,16649P9,"Telluride ~ ""Half-Day"" Rafting Lower San Miguel River ",water,false