id,name,pet_facilities,has_fee,fee_amount,policy_text,address,city
lp656eafa2,"2 BR Condominium - Luxury Skiin and out (rare to find)","Pets allowed",Unknown,,"Pet fees and restrictions may apply. Contact property.","457 Mountain Village Boulevard",Telluride
lp6575d72a,"2BR Mountain Lodge Luxury Skiin out Best Amenities","Pets allowed",Unknown,,"Pet fees and restrictions may apply. Contact property.","Mountain Village Boulevard 457",Telluride
lp656e6e23,"3br 3 1 2Ba Center of Everything New Listing On Our New Home","Pets allowed",Unknown,,"Pet fees and restrictions may apply. Contact property.","240 Mahoney Drive",Telluride
lpc6edd,"Bachman Village","Pets allowed",Unknown,,"Pet fees and restrictions may apply. Contact property.","Smuggler Avenue, Telluride, San Miguel County, Colorado",Telluride
lp65711a0b,"Bear Creek Lodge 108 by Alpine Lodging Telluride","Pets allowed",Unknown,,"Pet fees and restrictions may apply. Contact property.","135 San Joaquin Rd.",Telluride
lp65716532,"Bear Creek Lodge 111A by Alpine Lodging Telluride","Pets allowed",Unknown,,"Pet fees and restrictions may apply. Contact property.","135 San Joaquin Rd.",Telluride
lp65716402,"Bear Creek Lodge 207A by Alpine Lodging Telluride","Pets allowed",Unknown,,"Pet fees and restrictions may apply. Contact property.","135 San Joaquin Rd.",Telluride
lp657118eb,"Bear Creek Lodge 208 by Alpine Lodging Telluride","Pets allowed",Unknown,,"Pet fees and restrictions may apply. Contact property.","135 San Joaquin Rd.",Telluride
lp65767eda,"Beautiful Mountain Lodge Ski in Ski out","Pets allowed",Unknown,,"Pet fees and restrictions may apply. Contact property.","Mountain Village Boulevard 457",Telluride
lp657be103,"Blue Collar Boutique: Affordable Adventure","Pet bowls",Unknown,,"Pet fees and restrictions may apply. Contact property.","457 Mountain Village Boulevard",Telluride
lp6dfb6,"Element 52, Auberge Collection","Pets allowed; Pet bowls",Unknown,,"Pet fees and restrictions may apply. Contact property.","398 South Davis Street",Telluride
lp3d0c1,"Fairmont Heritage Place, Franz Klammer Lodge","Pets allowed; Pet bowls",Unknown,,"Pet fees and restrictions may apply. Contact property.","567 Mountain Village Boulevard",Telluride
lp31628,"Inn at Lost Creek","Pets allowed",Unknown,,"Pet fees and restrictions may apply. Contact property.","119 Lost Creek Lane",Telluride
lp6576e14e,"Lift 7 and Gondola 1block SaltWaterPoolHottub and Riverview","Pets allowed",Unknown,,"Pet fees and restrictions may apply. Contact property.","West Pacific Avenue 651",Telluride
lp4153f,"Lumiere by Dunton","Pets allowed; Pet bowls",Unknown,,"Pet fees and restrictions may apply. Contact property.","118 Lost Creek Lane ",Telluride
lp657fb5dc,"Luxury Auberge Madeline Residence Building","Pets allowed",Unknown,,"Pet fees and restrictions may apply. Contact property.","Mountain Village Boulevard 568",Telluride
lp657364a3,"Luxury Condo - Open for Bluegrass","Pets allowed",Unknown,,"Pet fees and restrictions may apply. Contact property.","Mahoney Drive 350",Telluride
lp65717093,"Luxury Residence at a 5 Star Hotel at the Heart of Mountain Village - Telluride","Pets allowed",Unknown,,"Pet fees and restrictions may apply. Contact property.","568 Mountain Village Boulevard",Telluride
lp6573866a,"Most Luxurious1Br in town And steps to the Gondola","Pets allowed",Unknown,,"Pet fees and restrictions may apply. Contact property.","250 South Pine Street",Telluride
lp35351,"Mountain Lodge Telluride","Pets allowed",Unknown,,"Pet fees and restrictions may apply. Contact property.","457 Mountain Village Boulevard",Telluride
lp65857a41,"Mountaineer","Pets allowed",Unknown,,"Pet fees and restrictions may apply. Contact property.","333 South Davis Street",Telluride
lp6572d82a,"Mountainside Inn 201 by Alpine Lodging Telluride","Pets allowed",Yes,,"Pet fees and restrictions may apply. Contact property.","333 S. Davis St.",Telluride
lp6572c1e4,"Mountainside Inn 202 by Alpine Lodging Telluride","Pets allowed",Yes,,"Pet fees and restrictions may apply. Contact property.","333 S. Davis St.",Telluride
lp6572ce6b,"Mountainside Inn 203 by Alpine Lodging Telluride","Pets allowed",Yes,,"Pet fees and restrictions may apply. Contact property.","333 S. Davis St.",Telluride
lp6572d5f3,"Mountainside Inn 205 by Alpine Lodging Telluride","Pets allowed",Yes,,"Pet fees and restrictions may apply. Contact property.","333 S. Davis St.",Telluride
lp6572cd48,"Mountainside Inn 206 by Alpine Lodging Telluride","Pets allowed",Yes,,"Pet fees and restrictions may apply. Contact property.","333 S. Davis St.",Telluride
lp6572d0eb,"Mountainside Inn 207 by Alpine Lodging Telluride","Pets allowed",Yes,,"Pet fees and restrictions may apply. Contact property.","333 S. Davis St.",Telluride
lp6572aec9,"Mountainside Inn 208 by Alpine Lodging Telluride","Pets allowed",Yes,,"Pet fees and restrictions may apply. Contact property.","333 S. Davis St.",Telluride
lp6572cfc8,"Mountainside Inn 209 by Alpine Lodging Telluride","Pets allowed",Yes,,"Pet fees and restrictions may apply. Contact property.","333 S. Davis St.",Telluride
lp6572d613,"Mountainside Inn 210 by Alpine Lodging Telluride","Pets allowed",Yes,,"Pet fees and restrictions may apply. Contact property.","333 S. Davis St.",Telluride
lp6572cd35,"Mountainside Inn 211 by Alpine Lodging Telluride","Pets allowed",Yes,,"Pet fees and restrictions may apply. Contact property.","333 S. Davis St.",Telluride
lp6572e017,"Mountainside Inn 214 by Alpine Lodging Telluride","Pets allowed",Yes,,"Pet fees and restrictions may apply. Contact property.","333 S. Davis St.",Telluride
lp6572d023,"Mountainside Inn 215 by Alpine Lodging Telluride","Pets allowed",Yes,,"Pet fees and restrictions may apply. Contact property.","333 S. Davis St.",Telluride
lp6572deab,"Mountainside Inn 218 by Alpine Lodging Telluride","Pets allowed",Yes,,"Pet fees and restrictions may apply. Contact property.","333 S. Davis St.",Telluride
lp6572c600,"Mountainside Inn 219 by Alpine Lodging Telluride","Pets allowed",Yes,,"Pet fees and restrictions may apply. Contact property.","333 S. Davis St.",Telluride
lp6572aff7,"Mountainside Inn 220 by Alpine Lodging Telluride","Pets allowed",Yes,,"Pet fees and restrictions may apply. Contact property.","333 S. Davis St.",Telluride
lp6572dc8a,"Mountainside Inn 221 by Alpine Lodging Telluride","Pets allowed",Yes,,"Pet fees and restrictions may apply. Contact property.","333 S. Davis St.",Telluride
lp6572b739,"Mountainside Inn 222 by Alpine Lodging Telluride","Pets allowed",Yes,,"Pet fees and restrictions may apply. Contact property.","333 S. Davis St.",Telluride
lp6572cf8a,"Mountainside Inn 304 by Alpine Lodging Telluride","Pets allowed",Yes,,"Pet fees and restrictions may apply. Contact property.","333 S. Davis St.",Telluride
lp6572c11a,"Mountainside Inn 305 by Alpine Lodging Telluride","Pets allowed",Yes,,"Pet fees and restrictions may apply. Contact property.","333 S. Davis St.",Telluride
lp6572dc21,"Mountainside Inn 307 by Alpine Lodging Telluride","Pets allowed",Yes,,"Pet fees and restrictions may apply. Contact property.","333 S. Davis St.",Telluride
lp6572b731,"Mountainside Inn 308 by Alpine Lodging Telluride","Pets allowed",Yes,,"Pet fees and restrictions may apply. Contact property.","333 S. Davis St.",Telluride
lp6572c7d7,"Mountainside Inn 309 by Alpine Lodging Telluride","Pets allowed",Yes,,"Pet fees and restrictions may apply. Contact property.","333 S. Davis St.",Telluride
lp6572d67d,"Mountainside Inn 310 by Alpine Lodging Telluride","Pets allowed",Yes,,"Pet fees and restrictions may apply. Contact property.","333 S. Davis St.",Telluride
lp6572dbfa,"Mountainside Inn 313 by Alpine Lodging Telluride","Pets allowed",Yes,,"Pet fees and restrictions may apply. Contact property.","333 S. Davis St.",Telluride
lp6572cda1,"Mountainside Inn 314 by Alpine Lodging Telluride","Pets allowed",Yes,,"Pet fees and restrictions may apply. Contact property.","333 S. Davis St.",Telluride
lp6572da37,"Mountainside Inn 315 by Alpine Lodging Telluride","Pets allowed",Yes,,"Pet fees and restrictions may apply. Contact property.","333 S. Davis St.",Telluride
lp6572d449,"Mountainside Inn 317 by Alpine Lodging Telluride","Pets allowed",Yes,,"Pet fees and restrictions may apply. Contact property.","333 S. Davis St.",Telluride
lp6572c6c7,"Mountainside Inn 318 by Alpine Lodging Telluride","Pets allowed",Yes,,"Pet fees and restrictions may apply. Contact property.","333 S. Davis St.",Telluride
lp6572dfd5,"Mountainside Inn 320 by Alpine Lodging Telluride","Pets allowed",Yes,,"Pet fees and restrictions may apply. Contact property.","333 S. Davis St.",Telluride
lp6572c3fa,"Mountainside Inn 406 by Alpine Lodging Telluride","Pets allowed",Yes,,"Pet fees and restrictions may apply. Contact property.","333 S. Davis St.",Telluride
lp6572b6b3,"Mountainside Inn 407 by Alpine Lodging Telluride","Pets allowed",Yes,,"Pet fees and restrictions may apply. Contact property.","333 S. Davis St.",Telluride
lp6572d822,"Mountainside Inn 409 by Alpine Lodging Telluride","Pets allowed",Yes,,"Pet fees and restrictions may apply. Contact property.","333 S. Davis St.",Telluride
lp6572c06e,"Mountainside Inn 411 by Alpine Lodging Telluride","Pets allowed",Yes,,"Pet fees and restrictions may apply. Contact property.","333 S. Davis St.",Telluride
lp6572a9a6,"Mountainside Inn 412 by Alpine Lodging Telluride","Pets allowed",Yes,,"Pet fees and restrictions may apply. Contact property.","333 S. Davis St.",Telluride
lp6572dfd4,"Mountainside Inn 415 by Alpine Lodging Telluride","Pets allowed",Yes,,"Pet fees and restrictions may apply. Contact property.","333 S. Davis St.",Telluride
lp6572e27a,"Mountainside Inn 416 by Alpine Lodging Telluride","Pets allowed",Yes,,"Pet fees and restrictions may apply. Contact property.","333 S. Davis St.",Telluride
lp6572e16f,"Mountainside Inn 417 by Alpine Lodging Telluride","Pets allowed",Yes,,"Pet fees and restrictions may apply. Contact property.","333 S. Davis St.",Telluride
lp6572e174,"Mountainside Inn 419 by Alpine Lodging Telluride","Pets allowed",Yes,,"Pet fees and restrictions may apply. Contact property.","333 S. Davis Street",Telluride
lp656f2300,"Mountainside Inn 419/421 by Alpine Lodging Telluride","Pets allowed",Yes,,"Pet fees and restrictions may apply. Contact property.","333 S. Davis Street",Telluride
lp6572dfe8,"Mountainside Inn 420 by Alpine Lodging Telluride","Pets allowed",Yes,,"Pet fees and restrictions may apply. Contact property.","333 S. Davis St.",Telluride
lp6572a92b,"Mountainside Inn 421 by Alpine Lodging Telluride","Pets allowed",Yes,,"Pet fees and restrictions may apply. Contact property.","333 S. Davis Street",Telluride
lp65826c17,"Outlaws Creek","Pets allowed",Unknown,,"Pet fees and restrictions may apply. Contact property.","323 Adams Ranch Road",Telluride
lp65721b74,"Remodeled Luxury Condo - Skii in Skii out","Pets allowed",Unknown,,"Pet fees and restrictions may apply. Contact property.","Mahoney Drive",Telluride
lp82797,"River Club 102 by Alpine Lodging Telluride","Pets allowed",Unknown,,"Pet fees and restrictions may apply. Contact property.","550 W. Depot Ave.",Telluride
lp65738505,"Silverpick Ranch - adventure & luxury in Telluride","Pets allowed",Unknown,,"Pet fees and restrictions may apply. Contact property.","1050 Posey Road",Telluride
lp6570e443,"Ski In Out 5 Minute Walk To Everything","Pets allowed",Unknown,,"Pet fees and restrictions may apply. Contact property.","350 Mahoney Drive",Telluride
lp65770691,"Ski In out Remodeled Luxury Condo","Pets allowed",Unknown,,"Pet fees and restrictions may apply. Contact property.","350 Mahoney Drive",Telluride
lp657e126d,"Telluride Lodge Your mountain gateaway","Pets allowed",Unknown,,"Pet fees and restrictions may apply. Contact property.","West Pacific Avenue 747",Telluride
lp657f4a3d,"Telluride Mountain Lodge Skiin Out amazingLocation","Pets allowed",Unknown,,"Pet fees and restrictions may apply. Contact property.","Mountain Village Boulevard 457",Telluride
lp658492a5,"Telluride Penthouse","Pets allowed",Unknown,,"Pet fees and restrictions may apply. Contact property.","395 East Colorado Avenue",Telluride
lp657d17c6,"Telluride Riverside House with Mountain Views","Pets allowed",Unknown,,"Pet fees and restrictions may apply. Contact property.","65 Pandora Lane",Telluride
lp2ff71,"The Hotel Telluride","Pets allowed; Pet bowls",Unknown,,"Pet fees and restrictions may apply. Contact property.","199 North Cornet Street",Telluride
lp21ee2,"The Peaks Resort and Spa","Pets allowed",Yes,,"Pet fees and restrictions apply","136 Country Club Drive",Telluride