lp656eafa2,2 BR Condominium - Luxury Skiin and out (rare to find)
lp6575d72a,2BR Mountain Lodge Luxury Skiin out Best Amenities
lp65868c47,Absolutely Amazing Slopeside Mountain Lodge With spa
lp656f59b2,Bachman Village #9 - backyard and steps to skiing!
lp656c5dd6,"Back Door Ski In/out Fireplace
lp6570bd38,Bear Lodge - Modern log home at easy ski-in-out location
lp65767eda,Beautiful Mountain Lodge Ski in Ski out
lp65705761,Best Ever Vista at Cassidy Ridge - perfect ski-in!
lp65874300,Blue Mesa 2 Unit Buyout by Avantstay 2 Units Centrally Located Ski In Ski Out Unit
lp65584fec,Blue Mesa 2 Unit Buyout by Avantstay 2 Units Centrally Located Ski In/ Ski Out Unit!
lp65584f7c,Blue Mesa Lodge 23C by Avantstay Functional Ski In/ski Out Studio w/ Balcony in Great Location!
lp658742f5,Blue Mesa Lodge 32A by Avantstay Located In The Heart Of Mountain Village w Prime Skiing Access
lp6571fb13,Blue Mesa Lodge 32A by Avantstay Located In The Heart Of Mountain Village w/ Prime Skiing Access
lp658805b7,Blue Mesa Lodge 40A by Avantstay Ski In/ Ski Out Unit w/ Balcony!
lp656e9b2c,Blue Mesa Lodge 40B by Avantstay Ski In/ Ski Out Unit w/ Balcony!
lp65880481,Blue Mesa Lodge 40C by Avantstay Ski In/ Ski Out Unit w/ Balcony!
lp65874418,Blue Mesa Penthouse by Avantstay Buyout of 3 Units Ski-in Ski-out Condo
lp6558380e,Blue Mesa Penthouse by Avantstay Buyout of 3 Units Ski-in/ski-out Condo
lp656c0de5,Boomerang Village 201 by Avantstay Ski In/ Ski Out Unit Close to Town!
lp65874324,Cimarron Lodge 14 by Avantstay Ski-in Ski-out Property in Complex w Two Hot Tubs Permit 3601
lp65583a57,Cimarron Lodge 14 by Avantstay Ski-in/ski-out Property in Complex w/ Two Hot Tubs! Permit#3601
lp65583a7b,Cimarron Lodge 20 by Avantstay Ski In/ Ski Out Condo in Ideally Located Complex w/ Hot Tubs!
lp655852e2,Cimarron Lodge 22 by Avantstay Ski-in/ski-out Property in Complex w/ Two Hot Tubs! Permit#12986
lp4b520,Cimarron Lodge 22 by AvantStay Ski-InSki-Out Property in Complex w Two Hot Tubs Permit12986
lp65585273,Cimarron Lodge 27 by Avantstay Ski-in/ski-out Property in Complex w/ Two Hot Tubs! Permit#10026
lp65585743,Cimarron Lodge 35 by Avantstay Ski-in/ski-out Property in Complex w/ Two Hot Tubs!
lp65583ac2,Cimarron Lodge 50 by Avantstay Ski-in/ski-out Property in Complex w/ Two Hot Tubs!
lp655852e5,Cimarron Lodge 7 by Avantstay Ski-in/ski-out Property in Complex w/ Two Hot Tubs!
lp65713c13,Columbia Place 5 by Avantstay Ski-in/ski-out Unit in Great Location!
lp65874306,Etta Place 1 by Avantstay Ski In Ski Out Unit w Views of the Slopes
lp655838a3,Etta Place 1 by Avantstay Ski In/ Ski Out Unit w/ Views of the Slopes!
lp655850ee,Etta Place 5 by Avantstay Ski In/ Ski Out Unit w/ Views of the Valley!
lp656ecb5e,Etta Place 6 by Avantstay Ski In/ Ski Out Unit!
lp656f281e,Etta Place 7 by Avantstay Ski In/ Ski Out Unit w/ Striking Views!
lp65707537,Forbes 5 Star Luxury Hotel - 1 Br Ski-in Ski-out Residence in Mountain Village Colorado
lp65874326,Ghostriders 5 by Avantstay 2 Bedroom Condo Near Main Street Hiking Skiing STR Permit 3571
lp655852a6,"Ghostriders 5 by Avantstay 2 Bedroom Condo Near Main Street
lp65729f3a,Have It All Ski in out Affordable Too
lp65585004,"Le Chamonix B by Avantstay Located In Mountain Village
lp65584ff2,"Le Chamonix D by Avantstay Located In Mountain Village
lp656c8c1e,"Lift 7 Ski In/out Hot Tub
lp655838e4,Lulu City 6K by Avantstay Condo in Great Location Close to Skiing & Downtown
lp656cbb60,Luxurious Ski-in/ski-out Telluride Mountain Escape
lp656cc665,Luxurious Ski-in/ski-out Telluride Penthouse!
lp656c8c6a,Remodel For 2022! Ski In/ski Out + Parking 3 Bedroom Condo by RedAwning
lp6570e443,Ski In Out 5 Minute Walk To Everything
lp65770691,Ski In out Remodeled Luxury Condo
lp656c8c2f,"Ski In/out In Town! Ski Area Views
lp656c8be5,"Ski In/out Lift 7! Deck
lp656cd3d6,Ski-in/ski-out Mountain Village Condo w/ Hot Tub!
lp656bfeb2,Ski-in/ski-out Telluride Home w/ Deck & Hot Tub!
lp655850dd,Slopeside at Sundance by Avantstay Great Ski Access w/ Sauna & Hot Tub
lp656c750c,Slopeside Chalet 4 Bedroom Home by RedAwning
lp33e099,Slopeside Lodge
lp656c8bb3,"Slopeside Paradise Penthouse At Lift 7
lp65712210,"Slopeside Paradise Penthouse at Lift 7
lp65577ff9,Slopeside Villa by Exceptional Stays
lp6587e4f9,Stunning Views! Ski-in/out Mountain Village Cabin
lp6558523a,Telemark B by Avantstay Ski In/ Ski Out at the Heart of Mountain Village!
lp657f4a3d,Telluride Mountain Lodge Skiin Out amazingLocation
lp65709d3e,Telluride Resort View at Double Diamond - ski-in-out and hot tub!
lp6558530e,Townhome on the Creek 135 by Avantstay Ski In/ Ski Out Home w/ Hot Tub
lp656c8bfc,"True Ski In/ski Out Sun-drenched
lp6585a834,Upscale Ski-in/ski-out Escape w/ Deck + Grill
lp65583aca,Villas At Tristant 137 by Avantstay Ski In/ Ski Out Home w/ Panoramic Views & Hot Tub
