id,name
lp656eafa2,2 BR Condominium - Luxury Skiin and out (rare to find)
lp656c8c0c,"2-min Walk To Lift 7, Shuttle To Gondola! Hot Tub + Fireplace 3 Bedroom Condo by RedAwning"
lp3227fe,"211 A South OAK - Luxury Home, Downtown Telluride, Great Location, Steps Away From the Gondola!"
lpc73fe,211 Adams Ranch
lp6575d72a,2BR Mountain Lodge Luxury Skiin out Best Amenities
lp656c735f,330 W Pacific B 3 Bedroom Townhouse by RedAwning
lp656e1ed3,330 W Pacific B townhouse
lp656e6e23,3br 3 1 2Ba Center of Everything New Listing On Our New Home
lp656c736c,425 Depot Ave 5 Bedroom Home by RedAwning
lpa0625,A Village Suite 348 3 Bedroom Condo By Accommodations in Telluride
lp65868c47,Absolutely Amazing Slopeside Mountain Lodge With spa
lp65584fc8,Adams Ranch Retreat by Avantstay Free Shuttle 2 Mountain Village & Telluride Ski Resort!
lp853d4,Adams Ranch Retreat By Telluride Resort Lodging
lp657295ff,Ajax Loft 1 Bedroom Apts by RedAwning
lp3224ca,Alpen Ridge by Exceptional Stays
lpc0211,Alpenglow
lp322500,Alpenglow by Exceptional Stays
lp658752a2,Alpine Lodging Telluride Ski Resort
lp65865151,Alpine Lodging Telluride Ski Resort - Vacation Rentals
lp65584fb3,Apex by Avantstay Cozy Expansive Mountain Home Close to the Slopes w/ Hot Tub!
lp65582ef4,Aspen Grove Villa by Exceptional Stays
lpffc79,Aspen Ridge 1
lpd153e,Aspen Ridge 19 4 Bedrooms 4.5 Bathrooms Condo
lp100121,Aspen Ridge 2
lp656c5e5d,Aspen Ridge 2 3 Bedroom Townhouse by Alpine Lodging Telluride
lpd1734,Aspen Ridge 23 3 Bedrooms 3.5 Bathrooms Condo
lpffbea,Aspen Ridge 24
lp656c5990,Aspen Ridge 24 3 Bedroom Townhouse by Alpine Lodging Telluride
lpfeec5,Aspen Ridge 25
lp10127f,Aspen Ridge 26
lp656c5d2e,Aspen Ridge 27 3 Bedroom Townhouse by Alpine Lodging Telluride
lpffc70,Aspen Ridge 27 by Alpine Lodging Telluride
lpfed27,Aspen Ridge 3 - In Mountain Village
lp656c5d41,Aspen Ridge 3 3 Bedroom Townhouse by Alpine Lodging Telluride
lpff921,Aspen Ridge 31 - Fabulous Home in Mountain Village
lp656c5983,Aspen Ridge 31 3 Bedroom Townhouse by Alpine Lodging Telluride
lpfeec8,Aspen Ridge 32
lp656f44ce,Aspen Ridge 32 - 2 bedroom 2 Townhouse by Alpine Lodging Telluride
lp656c5e31,Aspen Ridge 32 3 Bedroom Townhouse
lp656c5d9b,Aspen Ridge 4 3 Bedroom Townhouse by Alpine Lodging Telluride
lpfeaa2,Aspen Ridge 4 by Alpine Lodging Telluride
lp65576346,Aspen Ridge 4 by Alpine Lodging Telluride
lp10127c,Aspen Ridge 5
lpff857,Aspen Ridge 6 - Fabulous Home in Mountain Village
lp656c5986,Aspen Ridge 6 3 Bedroom Townhouse by Alpine Lodging Telluride
lp41007,Aspen Ridge 6 by Alpine Lodging Telluride
lp10068d,Aspen Ridge 7
lp656c5d67,Aspen Ridge 7 3 Bedroom Townhouse by Alpine Lodging Telluride
lp322501,Autumn Ridge by Exceptional Stays
lp853d6,Aux Pied des Pistes by Telluride Resort Lodging
lpc6edd,Bachman Village
lp656f59b2,Bachman Village #9 - backyard and steps to skiing!
lp655838e1,Bachman Village 14 by Avantstay Close To Town & The Slopes w/ Hot Tub! Permit#12038
lp6587430f,Bachman Village 14 by Avantstay Close To Town The Slopes w Hot Tub Permit 12038
lpa05ed,Bachman Village 19 4 Bedroom Holiday home By Accommodations in Telluride
lp84f50,Bachman Village by Telluride Alpine Lodging
lp656c5dd6,"Back Door Ski In/out Fireplace, Hot Tub, Huge Views Alpine Luxury At Copper Hollow 6 Bedroom Home by RedAwning"
lp6557654d,Ballard Escape by Exceptional Stays
lp65721472,Basecamp at Valley Floor - views and wildlife!
lp656c95f0,Bear Creek Lodge 105 2 Bedroom Condo by Alpine Lodging Telluride
lp657119df,Bear Creek Lodge 105 by Alpine Lodging Telluride
lp656c95ec,Bear Creek Lodge 105a 1 Bedroom Condo by Alpine Lodging Telluride
lp656c8ffd,Bear Creek Lodge 106 2 Bedroom Condo by Alpine Lodging Telluride
lp656c95fa,Bear Creek Lodge 107 2 Bedroom Condo by Alpine Lodging Telluride
lp65711dac,Bear Creek Lodge 107 by Alpine Lodging Telluride
lp656c78d3,Bear Creek Lodge 107a 1 Bedroom Condo by Alpine Lodging Telluride
lp656c95a3,Bear Creek Lodge 108 2 Bedroom Condo by Alpine Lodging Telluride
lp65711a0b,Bear Creek Lodge 108 by Alpine Lodging Telluride
lp656c9613,Bear Creek Lodge 108a 1 Bedroom Condo by Alpine Lodging Telluride
lp656c9183,Bear Creek Lodge 109 2 Bedroom Condo by Alpine Lodging Telluride
lp656c95d4,Bear Creek Lodge 109a 1 Bedroom Condo by Alpine Lodging Telluride
lp65716091,Bear Creek Lodge 109A by Alpine Lodging Telluride
lp656c95e4,Bear Creek Lodge 110 2 Bedroom Condo by Alpine Lodging Telluride
lp65711bfb,Bear Creek Lodge 110 by Alpine Lodging Telluride
lp656c9609,Bear Creek Lodge 110a 1 Bedroom Condo by Alpine Lodging Telluride
lp656c95ba,Bear Creek Lodge 111 2 Bedroom Condo by Alpine Lodging Telluride
lp656c95ef,Bear Creek Lodge 111a 1 Bedroom Condo by Alpine Lodging Telluride
lp65716532,Bear Creek Lodge 111A by Alpine Lodging Telluride
lp656c960b,Bear Creek Lodge 112 2 Bedroom Condo by Alpine Lodging Telluride
lp656c95f3,Bear Creek Lodge 112a 1 Bedroom Condo by Alpine Lodging Telluride
lp656c95d8,Bear Creek Lodge 203 3 Bedroom Condo by Alpine Lodging Telluride
lp65711627,Bear Creek Lodge 203 by Alpine Lodging Telluride
lp656c9171,Bear Creek Lodge 203a 1 Bedroom Condo by Alpine Lodging Telluride
lp656c959d,Bear Creek Lodge 203ab 2 Bedroom Condo by Alpine Lodging Telluride
lp656c95d5,Bear Creek Lodge 205 3 Bedroom Condo by Alpine Lodging Telluride
lp65711d90,Bear Creek Lodge 205 by Alpine Lodging Telluride
lp656c95d7,Bear Creek Lodge 205a 1 Bedroom Condo by Alpine Lodging Telluride
lp656c95f6,Bear Creek Lodge 205ab 2 Bedroom Condo by Alpine Lodging Telluride
lp656c8ce7,Bear Creek Lodge 207 2 Bedroom Condo by Alpine Lodging Telluride
lp65716402,Bear Creek Lodge 207A by Alpine Lodging Telluride
lp656d8d97,Bear Creek Lodge 207b Hotel Room by Alpine Lodging Telluride
lp656c960a,Bear Creek Lodge 208 2 Bedroom Condo by Alpine Lodging Telluride
lp657118eb,Bear Creek Lodge 208 by Alpine Lodging Telluride
lp656c9885,Bear Creek Lodge 208a 1 Bedroom Condo by Alpine Lodging Telluride
lp656c7972,Bear Creek Lodge 209 3 Bedroom Condo by Alpine Lodging Telluride
lp65711bba,Bear Creek Lodge 209 by Alpine Lodging Telluride
lp656c95cd,Bear Creek Lodge 209a 1 Bedroom Condo by Alpine Lodging Telluride
lp656c9617,Bear Creek Lodge 209ab 2 Bedroom Condo by Alpine Lodging Telluride
lp6587fc83,Bear Creek Lodge 210 1 Bedroom Condo
lp656c95e3,Bear Creek Lodge 211 1 Bedroom Condo by Alpine Lodging Telluride
lp65711a6a,Bear Creek Lodge 211 by Alpine Lodging Telluride
lp656c95c8,Bear Creek Lodge 212 3 Bedroom Condo by Alpine Lodging Telluride
lp656c787c,Bear Creek Lodge 212a 1 Bedroom Condo by Alpine Lodging Telluride
lp656c9164,Bear Creek Lodge 212ab 2 Bedroom Condo by Alpine Lodging Telluride
lp656c94b2,Bear Creek Lodge 213 2 Bedroom Condo by Alpine Lodging Telluride
lp657114a3,Bear Creek Lodge 213 by Alpine Lodging Telluride
lp656c961c,Bear Creek Lodge 301 3 Bedroom Condo by Alpine Lodging Telluride
lp65711bb3,Bear Creek Lodge 301 by Alpine Lodging Telluride
lp656c95e6,Bear Creek Lodge 301a 1 Bedroom Condo by Alpine Lodging Telluride
lp656c78bd,Bear Creek Lodge 301ab 2 Bedroom Condo by Alpine Lodging Telluride
lp6587fc85,Bear Creek Lodge 301c 1 Bedroom Hotel Room
lp656c95e9,Bear Creek Lodge 302 1 Bedroom Condo by Alpine Lodging Telluride
lp6571161e,Bear Creek Lodge 302 by Alpine Lodging Telluride
lp656c78ac,Bear Creek Lodge 303 3 Bedroom Condo by Alpine Lodging Telluride
lp65711974,Bear Creek Lodge 303 by Alpine Lodging Telluride
lp656c78b3,Bear Creek Lodge 303ab 2 Bedroom Condo by Alpine Lodging Telluride
lp656c95e8,Bear Creek Lodge 305 3 Bedroom Condo by Alpine Lodging Telluride
lp656c9173,Bear Creek Lodge 305a 1 Bedroom Condo by Alpine Lodging Telluride
lp656c9188,Bear Creek Lodge 305ab 2 Bedroom Condo by Alpine Lodging Telluride
lp656c916f,Bear Creek Lodge 308 2 Bedroom Condo by Alpine Lodging Telluride
lp65711bb4,Bear Creek Lodge 308 by Alpine Lodging Telluride
lp656c95d6,Bear Creek Lodge 308a 1 Bedroom Condo by Alpine Lodging Telluride
lp656c8c8f,Bear Creek Lodge 309 3 Bedroom Condo by Alpine Lodging Telluride
lp656c95bb,Bear Creek Lodge 309a 1 Bedroom Condo by Alpine Lodging Telluride
lp656c8363,Bear Creek Lodge 309ab 2 Bedroom Condo by Alpine Lodging Telluride
lp656d9083,Bear Creek Lodge 309b 1 Bedroom Hotel Room by Alpine Lodging Telluride
lp65715ef4,Bear Creek Lodge 309B by Alpine Lodging Telluride
lp6570b554,Bear Creek Lodge 309c 1 Bedroom Hotel Room by Alpine Lodging Telluride
lp656c9189,Bear Creek Lodge 310 1 Bedroom Condo by Alpine Lodging Telluride
lp656c960e,Bear Creek Lodge 311 1 Bedroom Condo by Alpine Lodging Telluride
lp65711626,Bear Creek Lodge 311 by Alpine Lodging Telluride
lp656c9596,Bear Creek Lodge 403 4 Bedroom Condo by Alpine Lodging Telluride
lp65711cba,Bear Creek Lodge 403 by Alpine Lodging Telluride
lp65868f33,Bear Creek Lodge 404 4 Bedroom Condo
lp656c917e,Bear Creek Lodge 406 4 Bedroom Condo by Alpine Lodging Telluride
lp65711a3a,Bear Creek Lodge 406 by Alpine Lodging Telluride
lp656c8c7e,Bear Creek Lodge 407 4 Bedroom Condo by Alpine Lodging Telluride
lp65711b1e,Bear Creek Lodge 407 by Alpine Lodging Telluride
lp656c789c,Bear Creek Lodge 408 4 Bedroom Condo by Alpine Lodging Telluride
lp656c9612,Bear Creek Lodge 409 4 Bedroom Condo by Alpine Lodging Telluride
lp65711a72,Bear Creek Lodge 409 by Alpine Lodging Telluride
lp656c8d11,Bear Creek Lodge 410 4 Bedroom Condo by Alpine Lodging Telluride
lp656c9168,Bear Creek Lodge 411 4 Bedroom Condo by Alpine Lodging Telluride
lp65711c9f,Bear Creek Lodge 411 by Alpine Lodging Telluride
lp656c988b,Bear Creek Lodge 412 4 Bedroom Condo by Alpine Lodging Telluride
lp65711d8c,Bear Creek Lodge 412 by Alpine Lodging Telluride
lp36f78,Bear Creek Lodge by Alpine Lodging Telluride
lpc6f23,Bear Creek Lofts #B
lp6570bd38,Bear Lodge - Modern log home at easy ski-in-out location
lp657b0967,Beautiful Modern In-town Studio with Kitchenette
lp65767eda,Beautiful Mountain Lodge Ski in Ski out
lp656c74ff,Belvedere 4 3 Bedroom Townhouse by RedAwning
lp65577ff7,Belvedere Bungalow By Exceptional Stays
lp100853,Belvedere Park 1
lp853dc,Belvedere Park by Telluride Resort Lodging
lp65705761,Best Ever Vista at Cassidy Ridge - perfect ski-in!
lp6556ca2b,Birch Cassidy ON Sundance by Exceptional Stays
lp657be103,Blue Collar Boutique: Affordable Adventure
lp65874300,Blue Mesa 2 Unit Buyout by Avantstay 2 Units Centrally Located Ski In Ski Out Unit
lp65584fec,Blue Mesa 2 Unit Buyout by Avantstay 2 Units Centrally Located Ski In/ Ski Out Unit!
lp100c67,Blue Mesa 4
lp1003f5,Blue Mesa 6
lp65584f7c,Blue Mesa Lodge 23C by Avantstay Functional Ski In/ski Out Studio w/ Balcony in Great Location!
lp658742f5,Blue Mesa Lodge 32A by Avantstay Located In The Heart Of Mountain Village w Prime Skiing Access
lp6571fb13,Blue Mesa Lodge 32A by Avantstay Located In The Heart Of Mountain Village w/ Prime Skiing Access
lp658805b7,Blue Mesa Lodge 40A by Avantstay Ski In/ Ski Out Unit w/ Balcony!
lp656e9b2c,Blue Mesa Lodge 40B by Avantstay Ski In/ Ski Out Unit w/ Balcony!
lp65880481,Blue Mesa Lodge 40C by Avantstay Ski In/ Ski Out Unit w/ Balcony!
lp4eacc,Blue Mesa Lodge by Telluride Alpine Lodging
lp6556e4b3,Blue Mesa Lodge Condos by Alpine Lodging Telluride
lp65874418,Blue Mesa Penthouse by Avantstay Buyout of 3 Units Ski-in Ski-out Condo
lp6558380e,Blue Mesa Penthouse by Avantstay Buyout of 3 Units Ski-in/ski-out Condo
lpa06a7,Boomerang Lodge 3 2 Bedroom Condo By Accommodations in Telluride
lpa049e,Boomerang Lodge 5 2 Bedroom Condo By Accommodations in Telluride
lp656c0de5,Boomerang Village 201 by Avantstay Ski In/ Ski Out Unit Close to Town!
lpa0462,Boomerang Village 206 1 Bedroom Condo By Accommodations in Telluride
lp6579cd15,Box Canyon View
lp656cc405,Bright Downtown Telluride Condo - Steps to Lift!
lpa0351,Buena Vista at Riverside 2 Bedroom Condo by Accommodations in Telluride
lp2be73,Camel's Garden Hotel
lp656eaa15,"Camp Telluride - golf course, views, hot tub, gym!"
lp657e20b4,Canyon View Retreat
lpa079c,Cascades A 1 4 Bedroom Condo By Accommodations in Telluride
lp3223e0,Cassidy Ridge A103
lp33e92a,Cassidy Ridge B302
lp32246c,Cassidy Ridge C301- Fawns Leap
lp65577f5b,Cassidy's Hideout by Exceptional Stays
lp65584fa3,Centrum 302 by Avantstay Gorgeous Condo w/ Great Views & Steps Away From Ski Runs!
lp6556f4fc,Centrum 304 by Exceptional Stays
lp656c84e9,"Chalet Chic Condo, Short Walk To Lift 7, Covered Parking 2 Bedroom Condo by RedAwning"
lp33f05b,Charlie's Place B
lp656c8bb0,"Charming Studio w Kitchenette, Hot Tub Near River condo"
lpa0651,Chez Coco 2 Bedroom Holiday home By Accommodations in Telluride
lp656c8bd0,"Chic, Modern Walk Anywhere @ Viking Lodge 206 1 Bedroom Condo by RedAwning"
lp322757,"Christel - Peaceful West End Home, Downtown Telluride, Walk to Ski"
lp65874324,Cimarron Lodge 14 by Avantstay Ski-in Ski-out Property in Complex w Two Hot Tubs Permit 3601
lp65583a57,Cimarron Lodge 14 by Avantstay Ski-in/ski-out Property in Complex w/ Two Hot Tubs! Permit#3601
lp65708063,Cimarron Lodge 16 2 Bedroom Condo by RedAwning
lp65583a7b,Cimarron Lodge 20 by Avantstay Ski In/ Ski Out Condo in Ideally Located Complex w/ Hot Tubs!
lp6587e04d,Cimarron Lodge 22 1 Bedroom Condo
lp655852e2,Cimarron Lodge 22 by Avantstay Ski-in/ski-out Property in Complex w/ Two Hot Tubs! Permit#12986
lp4b520,Cimarron Lodge 22 by AvantStay Ski-InSki-Out Property in Complex w Two Hot Tubs Permit12986
lp65585273,Cimarron Lodge 27 by Avantstay Ski-in/ski-out Property in Complex w/ Two Hot Tubs! Permit#10026
lp656c943e,Cimarron Lodge 33 2 Bedroom Condo by RedAwning
lp65867606,Cimarron Lodge 35 2 Bedroom Condo
lp65585743,Cimarron Lodge 35 by Avantstay Ski-in/ski-out Property in Complex w/ Two Hot Tubs!
lpf5515,Cimarron Lodge 4 Condominium 2 Bedrooms 2 Bathrooms Condo
lp65583ac2,Cimarron Lodge 50 by Avantstay Ski-in/ski-out Property in Complex w/ Two Hot Tubs!
lp655852e5,Cimarron Lodge 7 by Avantstay Ski-in/ski-out Property in Complex w/ Two Hot Tubs!
lp656c8c2e,"Clean, Cozy Riverside Condo, Walk Everywhere @ Viking Lodge 212 1 Bedroom Condo by RedAwning"
lp656c8502,"Cloud Nine! Near Chair 7, Top Floor On River + Hot Tub 1 Bedroom Condo by RedAwning"
lpb6494,Columbia 10 by RedAwning&nbsp;
lp65713c13,Columbia Place 5 by Avantstay Ski-in/ski-out Unit in Great Location!
lp853d3,Columbia Place 8 1 BedrmCondo By Accommodations in Telluride
lpc0214,Columbine House
lp656c8c2d,"Comfort, Style, Short Walk To Town Park & Gondola 1 Bedroom Condo by RedAwning"
lp656c8bd5,Comfy Casual Near Gondola & Main Street! @ Needle Rock 3 2 Bedroom Condo by RedAwning
lpa07bb,Cornet Creek 301 3 Bedroom Condo By Accommodations in Telluride
lp65574c66,Country Club Estate by Exceptional Stays
lp656cc6c8,Cozy Telluride Condo Near Ski Resort & Hiking
lp6558527a,Crystal Chalet 12 by Avantstay Close to Town w/ Views of San Sofia Ridge
lp3225ee,Crystal View by Exceptional Stays
lp65729d7c,"Designer Unit -Center of Town of Telluride, steps to Gondola and town park"
lp6558513a,Diamondtooth Cottage by Avantstay Cottage in Historic Telluride w/ Ski Access Permit #:16096
lp657227f5,Double Diamond 1 3 Bedroom Townhouse
lp655835a6,Double Diamond 23 by Avantstay Close to Town & The Slopes!
lp6587431a,Double Diamond 23 by Avantstay Close to Town The Slopes
lpb6451,Double Diamond by RedAwning
lp852a5,Double Diamond by Telluride Alpine Lodging
lp655752f0,Downtown Modern Creekside by Exceptional Stays
lp65574a76,Downtown Penthouse by Exceptional Stays
lp18cd41,Dunton Town House Hotel
lp853d7,Eagles Nest At Mountain Village By Telluride Resort Lodging
lp656c988a,East Side Hideaway 3 Bedroom Condo by RedAwning
lpa048a,Eclectic on Main Street 2 Bedroom Condo By Accommodations in Telluride
lpa04e6,El Diente A 2 Bedroom Holiday home By Accommodations in Telluride
lp6dfb6,"Element 52, Auberge Collection"
lp6573c428,Elk View Basecamp - wildlife and convenience!
lp65693813,Elk View Lodge
lp322873,Elkstone Place 1 by Exceptional Stays
lp6558511d,Emerald Elk at Village Creek by Avantstay Close to Slopes & Village w/ Views
lp65752ea1,Entrada A 3 Bedroom Townhouse by RedAwning
lp65874306,Etta Place 1 by Avantstay Ski In Ski Out Unit w Views of the Slopes
lp655838a3,Etta Place 1 by Avantstay Ski In/ Ski Out Unit w/ Views of the Slopes!
lp33edf4,"Etta Place 101 - West End Condo at the Base of Chair 7, Town of Telluride, Newly Remodeled"
lp6556ba32,Etta Place 102 by Exceptional Stays
lp656ec87b,Etta Place 111 2 Bedroom Condo by RedAwning
lp655850ee,Etta Place 5 by Avantstay Ski In/ Ski Out Unit w/ Views of the Valley!
lp656ecb5e,Etta Place 6 by Avantstay Ski In/ Ski Out Unit!
lp656f281e,Etta Place 7 by Avantstay Ski In/ Ski Out Unit w/ Striking Views!
lp43dd1,Etta Place by Telluride Alpine Lodging
lp6558511f,Etta Place Too 103 by Avantstay Close to Town & The Slopes! In Complex w/ Communal Pool & Hot Tub
lp655838dc,Etta Place Too 107 by Avantstay Close to Town & The Slopes! In Complex w/ Communal Pool & Hot Tub
lp6558525d,Etta Place Too 113 by Avantstay Close to Town & The Slopes! In Complex w/ Communal Pool & Hot Tub
lp6587431f,Etta Place Too 113 by Avantstay Close to Town The Slopes In Complex w Communal Pool Hot Tub
lp65809602,Evercrisp of Telluride
lp657d6872,Evergreen at Prospect Falls
lp3d0c1,"Fairmont Heritage Place, Franz Klammer Lodge"
lpa0777,Fall Line 207 2 Bedroom Condo By Accommodations in Telluride
lp6556f262,Fire and Ice by Exceptional Stays
lp65707537,Forbes 5 Star Luxury Hotel - 1 Br Ski-in Ski-out Residence in Mountain Village Colorado
lp657d0fe1,Four-Bedroom House
lp3226d4,FOX Farm Retreat
lp656bf584,Fox Farm Retreat: Hillside Telluride Home w/ Sauna
lp6574364f,Franz Klammer 2 Bedroom
lp6574364c,Franz Klammer 3 Bedroom
lp656f5ba3,Franz Klammer 3 Bedroom 2
lp29322d,Franz Klammer by Luxury Mountain
lp6558524a,Ghostriders 10 by Avantstay Penthouse Suite w/ Large Patio & Mountain Views!
lp655852b8,Ghostriders 11 by Avantstay Top Floor Condo w/ Large Patio & Mountain Views!
lp65583a5d,Ghostriders 2 by Avantstay Tidy Unit Close to the Slopes and Shops!
lp65874326,Ghostriders 5 by Avantstay 2 Bedroom Condo Near Main Street Hiking Skiing STR Permit 3571
lp655852a6,"Ghostriders 5 by Avantstay 2 Bedroom Condo Near Main Street, Hiking & Skiing STR Permit #3571"
lp656c8c64,"Giant Riverfront Deck W Grill, Tons Of Space @ Viking Lodge 100ab 4 Bedroom Condo by RedAwning"
lp65585338,Gold Dust Crossing A4 by Avantstay Telluride Gem in Great Location
lp65874335,Gold Dust Crossing A4 by Avantstay Telluride Gem in Great Location
lp6556ca27,Gold Hill by Exceptional Stays
lpa04c8,Gold Panner's Alley 2 Bedroom Condo By Accommodations in Telluride
lp33e657,Grand Vista by Exceptional Stays
lp853d9,Granita 301
lp656c8517,"Ground Floor On River Trail, Walk To Ski 1 Bedroom Condo by RedAwning"
lp65721119,"Ground Floor on River Trail, Walk to Ski condo"
lp656c8bfb,Ground Floor W/ River Trail Patio + Walk To Chair 7! Viking Lodge 116 1 Bedroom Condo by RedAwning
lp6558156f,Happy Place by Exceptional Stays
lp65729f3a,Have It All Ski in out Affordable Too
lp6574edb5,Haven on South Oak
lp655764d0,Heritage House by Exceptional Stays
lp656c8c00,"Hidden Gem, 4 Min To Lift 7 Garage, Hot Tub, Lux Kitchen, Big + Bright 4 Bedroom Condo by RedAwning"
lp655663cf,"Hilltop Hideaway - Expansive Views From This Private Estate, Hot Tub, Pool Table"
lp6556ca2a,Hilltop Hideaway by Exceptional Stays
lp33e00f,Hood Park Manor by Exceptional Stays
lp7924d,Hotel Columbia
lp658637ba,Hruza Hideout by Avantstay Quiet Apartment in Telluride s Historic District Permit 16094
lp65585234,"Hruza Hideout by Avantstay Walkable Location + Free Ski Shuttle, Mountain View"
lp656c8bff,Huge Riverfront Deck + Walk Everywhere Viking Lodge 100a 3 Bedroom Condo by RedAwning
lp65577f72,Ice Castle by Exceptional Stays
lp6557fa35,Ice House 220 by Exceptional Stays
lp656c9572,Ice House 317 2 Bedroom Condo by RedAwning
lp66f37,Ice House Suites and Condominiums
lp31628,Inn at Lost Creek
lp853e3,Kayenta 4
lpf5ffa,Kayenta II 15 Condominium 3 Bedrooms 3 Bathrooms Condo
lp65585004,"Le Chamonix B by Avantstay Located In Mountain Village, Close to Golf Course & Skiing"
lp852af,Le Chamonix by Telluride Alpine Lodging
lp65584ff2,"Le Chamonix D by Avantstay Located In Mountain Village, Close to Golf Course & Skiing"
lp655838ad,Le Chamonix I by Avantstay Condo w/ Views in Great Location
lp33e0dc,LE Praz AT Courcheval by Exceptional Stays
lp65584dbb,Legacy House by Avantstay Beautiful 4bdr Home in Great Location w/ Hot Tub
lp6576e14e,Lift 7 and Gondola 1block SaltWaterPoolHottub and Riverview
lp65574ba9,Lift 7 Lodge by Exceptional Stays
lp656c8c1e,"Lift 7 Ski In/out Hot Tub, Ski Locker, Garage Parking + Shuttle To Gondola 2 Bedroom Condo by RedAwning"
lp656c8c5f,"Lodge Life! Walk Or Shuttle To Lifts + Fireplace, Hot Tub 2 Bedroom Condo by RedAwning"
lp6554d587,Lodge ON THE Point by Exceptional Stays
lp6556ba31,Loft AT Livery by Exceptional Stays
lp86ed6,Lorenz Flat In Town Of Telluride By Telluride Resort Lodging
lp100cd4,Lorian 4
lp6558531f,Lorian 8 by Avantstay Relaxing Home Close to Slopes & Hiking Trails
lpa073d,Lulu City 3F 2 Bedroom Condo By Accommodations in Telluride
lp655850de,Lulu City 4B by Avantstay Beautiful Condo 100 Yards From Lift #7 Permit #:3639
lpa0458,Lulu City 4C 2 Bedroom Condo By Accommodations in Telluride
lpf6ca9,Lulu City 4D Condominium 2 Bedrooms 2 Bathrooms Condo
lp656bda2c,Lulu City 5B by Avantstay Across From Lift #7 10-minute Walk to Downtown
lp65874315,Lulu City 5B by Avantstay Across From Lift 7 10-minute Walk to Downtown
lp65585132,Lulu City 5C by Avantstay Practical Condo Near the Slopes & Downtown
lp655838e4,Lulu City 6K by Avantstay Condo in Great Location Close to Skiing & Downtown
lp8533a,Lulu City Condominiums by Telluride Alpine Lodging
lp6556ca24,Lulu Luxe by Exceptional Stays
lp4153f,Lumiere by Dunton
lp656c598b,"Lux Home W/ Gas Fireplace, Hot Tub, 8 Min To Lift 7 Bunk Room For Kids! 4 Bedroom Home by RedAwning"
lp656df05e,"Lux Home with Gas Fireplace, Hot Tub, 8 min to lift 7 - Bunk Room for Kids! home"
lp656cbb60,Luxurious Ski-in/ski-out Telluride Mountain Escape
lp656cc665,Luxurious Ski-in/ski-out Telluride Penthouse!
lp657fb5dc,Luxury Auberge Madeline Residence Building
lp657364a3,Luxury Condo - Open for Bluegrass
lp657002d3,Luxury Downtown Telluride - Creekside Condo - Walk to Chair 7!
lp657ce38e,Luxury Lodge with Breathtaking Views
lp65717093,Luxury Residence at a 5 Star Hotel at the Heart of Mountain Village - Telluride
lp656c8beb,"Luxury Stay! 2 Min To Gondola Ski Storage, Sauna, Heated Garage, Gym 4 Bedroom Condo by RedAwning"
lp656c58e7,"Luxury Townhome On Depot. 3 Mins Walk To Main St/gondola. Heated Garage, Private Roof Top Hot Tub. 4 Bedroom Townhouse by RedAwning"
lp4b27f,"Madeline Hotel & Residences, Auberge Collection"
lpa0781,Madison Pacific 1 Bedroom Condo By Accommodations in Telluride
lp6557a7f5,Maison D'apres by Exceptional Stays
lp4b1dc,Manitou Lodge 1 by Alpine Lodging Telluride
lp65585742,Manitou Lodge 1 by Alpine Lodging Telluride
lp656d905c,Manitou Lodge 10 Hotel Room by Alpine Lodging Telluride
lp656d90ae,Manitou Lodge 11 by Alpine Lodging Telluride
lp655835d8,Manitou Lodge 11 Hotel Room by Alpine Lodging Telluride
lp656d8dae,Manitou Lodge 2 by Alpine Lodging Telluride
lp656d90a4,Manitou Lodge 3 by Alpine Lodging Telluride
lp65757edd,Manitou Lodge 4 by Alpine Lodging Telluride
lp6586b48c,Manitou Lodge 4 by Alpine Lodging Telluride
lp656d909c,Manitou Lodge 5 by Alpine Lodging Telluride
lp656d90a2,Manitou Lodge 6 by Alpine Lodging Telluride
lp656d906c,Manitou Lodge 7 by Alpine Lodging Telluride
lp656d9267,Manitou Lodge 8 by Alpine Lodging Telluride
lp656d8db6,Manitou Lodge 9 Hotel Room by Alpine Lodging Telluride
lp6587441d,Manitou River House 113 by Avantstay A Location
lp656fdc2d,Manitou River House 113 by Avantstay A+ Location
lp65584fef,Manitou Riverhouse 115 by Avantstay Spacious Condo in the Centre of Telluride
lp85913,Manitou Riverhouse 115 by AvantStay Spacious Condo in the Centre of Telluride
lpa050c,Mariemont 5 Bedroom Holiday home By Accommodations in Telluride
lp33e382,"Meribel Penthouse - Luxury Condominium With Penthouse Views, Heart of Downtown Telluride, Hot Tub"
lp656c8c09,Modern Comfort River/mtn Views + Hot Tub 1 Bedroom Condo by RedAwning
lp6573866a,Most Luxurious1Br in town And steps to the Gondola
lp656c8352,Mountain Hideaway W River Views + Walk To Chair 7 @ Viking Lodge 315 1 Bedroom Condo by RedAwning
lp853e1,Mountain Lodge Cabin by Telluride Resort Lodging
lp35351,Mountain Lodge Telluride
lp656c5d5d,Mountain Luxury At Historic Twin Bricks On South Oak. Brand New Remodel. Steps To Gondola & Main St. 2 Bedroom Townhouse by RedAwning
lp6557800f,Mountain Majesty 2BD by Exceptional Stays
lp3224fa,Mountain Melody by Exceptional Stays
lp656cc585,Mountain Village Home Steps to Ski Lift & Shuttle!
lp656bd420,Mountain Village Marvel w/ Hot Tub & Home Gym!
lp656c5dd9,"Mountain Village Panoramic Views, Hot Tub, Fireplace 3 Bedroom Townhouse by RedAwning"
lp6577cabb,"Mountain Village Panoramic Views, Hot Tub, Fireplace townhouse"
lp65857a41,Mountaineer
lp31af6,Mountainside Inn
lp656c8cd4,Mountainside Inn 101 2 Bedroom Condo by Alpine Lodging Telluride
lp6572e0fc,Mountainside Inn 101 by Alpine Lodging Telluride
lp656c9278,Mountainside Inn 104 1 Bedroom Condo by Alpine Lodging Telluride
lp6572e243,Mountainside Inn 104 by Alpine Lodging Telluride
lp65716e3b,Mountainside Inn 105 1 Bedroom Hotel Room by Alpine Lodging Telluride
lp6572d3f8,Mountainside Inn 105 by Alpine Lodging Telluride
lp656c92a2,Mountainside Inn 106 1 Bedroom Condo by Alpine Lodging Telluride
lp65716e5d,Mountainside Inn 107 1 Bedroom Hotel Room by Alpine Lodging Telluride
lp6572e57e,Mountainside Inn 107 by Alpine Lodging Telluride
lp65716e5b,Mountainside Inn 109 1 Bedroom Hotel Room by Alpine Lodging Telluride
lp65716e68,Mountainside Inn 111 1 Bedroom Hotel Room by Alpine Lodging Telluride
lp6572d8f2,Mountainside Inn 113 by Alpine Lodging Telluride
lp65716e45,Mountainside Inn 114 1 Bedroom Hotel Room by Alpine Lodging Telluride
lp65716e6a,Mountainside Inn 115 1 Bedroom Hotel Room by Alpine Lodging Telluride
lp65864ae9,Mountainside Inn 115/117 2 Bedroom Hotel Room
lp656d907e,Mountainside Inn 116 1 Bedroom Hotel Room by Alpine Lodging Telluride
lp6572d64c,Mountainside Inn 116 by Alpine Lodging Telluride
lp65716e14,Mountainside Inn 117 1 Bedroom Hotel Room by Alpine Lodging Telluride
lp6572c02f,Mountainside Inn 117 by Alpine Lodging Telluride
lp656d907b,Mountainside Inn 118 1 Bedroom Hotel Room by Alpine Lodging Telluride
lp6572cf75,Mountainside Inn 118 by Alpine Lodging Telluride
lp65716e6b,Mountainside Inn 119 1 Bedroom Hotel Room by Alpine Lodging Telluride
lp6572cd5c,Mountainside Inn 119 by Alpine Lodging Telluride
lp65716e4f,Mountainside Inn 120 1 Bedroom Hotel Room by Alpine Lodging Telluride
lp6572bb79,Mountainside Inn 120 by Alpine Lodging Telluride
lp65716e77,Mountainside Inn 121 1 Bedroom Hotel Room by Alpine Lodging Telluride
lp656c9831,Mountainside Inn 122 1 Bedroom Condo by Alpine Lodging Telluride
lp6572b241,Mountainside Inn 122 by Alpine Lodging Telluride
lp65716e81,Mountainside Inn 201 1 Bedroom Hotel Room by Alpine Lodging Telluride
lp6572d82a,Mountainside Inn 201 by Alpine Lodging Telluride
lp65716e7f,Mountainside Inn 202 1 Bedroom Hotel Room by Alpine Lodging Telluride
lp6572c1e4,Mountainside Inn 202 by Alpine Lodging Telluride
lp65716e0e,Mountainside Inn 203 1 Bedroom Hotel Room by Alpine Lodging Telluride
lp6572ce6b,Mountainside Inn 203 by Alpine Lodging Telluride
lp65716e71,Mountainside Inn 204 1 Bedroom Hotel Room by Alpine Lodging Telluride
lp65716e06,Mountainside Inn 205 1 Bedroom Hotel Room by Alpine Lodging Telluride
lp6572d5f3,Mountainside Inn 205 by Alpine Lodging Telluride
lp65716e44,Mountainside Inn 206 1 Bedroom Hotel Room by Alpine Lodging Telluride
lp6572cd48,Mountainside Inn 206 by Alpine Lodging Telluride
lp656d9153,Mountainside Inn 207 1 Bedroom Hotel Room by Alpine Lodging Telluride
lp6572d0eb,Mountainside Inn 207 by Alpine Lodging Telluride
lp65716e62,Mountainside Inn 208 1 Bedroom Hotel Room by Alpine Lodging Telluride
lp6572aec9,Mountainside Inn 208 by Alpine Lodging Telluride
lp65716e6f,Mountainside Inn 209 1 Bedroom Hotel Room by Alpine Lodging Telluride
lp6572cfc8,Mountainside Inn 209 by Alpine Lodging Telluride
lp65716e66,Mountainside Inn 210 1 Bedroom Hotel Room by Alpine Lodging Telluride
lp6572d613,Mountainside Inn 210 by Alpine Lodging Telluride
lp65716e67,Mountainside Inn 211 1 Bedroom Hotel Room by Alpine Lodging Telluride
lp6572cd35,Mountainside Inn 211 by Alpine Lodging Telluride
lp656c928f,Mountainside Inn 213 1 Bedroom Condo by Alpine Lodging Telluride
lp65716e7a,Mountainside Inn 214 1 Bedroom Hotel Room by Alpine Lodging Telluride
lp6572e017,Mountainside Inn 214 by Alpine Lodging Telluride
lp65716e40,Mountainside Inn 215 1 Bedroom Hotel Room by Alpine Lodging Telluride
lp6572d023,Mountainside Inn 215 by Alpine Lodging Telluride
lp65716e70,Mountainside Inn 216 1 Bedroom Hotel Room by Alpine Lodging Telluride
lp656d910b,Mountainside Inn 217 1 Bedroom Hotel Room by Alpine Lodging Telluride
lp65716e7b,Mountainside Inn 218 1 Bedroom Hotel Room by Alpine Lodging Telluride
lp6572deab,Mountainside Inn 218 by Alpine Lodging Telluride
lp65716e3f,Mountainside Inn 219 1 Bedroom Hotel Room by Alpine Lodging Telluride
lp6572c600,Mountainside Inn 219 by Alpine Lodging Telluride
lp65716e82,Mountainside Inn 220 1 Bedroom Hotel Room by Alpine Lodging Telluride
lp6572aff7,Mountainside Inn 220 by Alpine Lodging Telluride
lp65716e7e,Mountainside Inn 221 1 Bedroom Hotel Room by Alpine Lodging Telluride
lp6572dc8a,Mountainside Inn 221 by Alpine Lodging Telluride
lp656c9280,Mountainside Inn 222 1 Bedroom Condo by Alpine Lodging Telluride
lp6572b739,Mountainside Inn 222 by Alpine Lodging Telluride
lp65716e0b,Mountainside Inn 301 1 Bedroom Hotel Room by Alpine Lodging Telluride
lp65716e73,Mountainside Inn 302 1 Bedroom Hotel Room by Alpine Lodging Telluride
lp656d90b7,Mountainside Inn 303 1 Bedroom Hotel Room by Alpine Lodging Telluride
lp65572dea,Mountainside Inn 303 by Alpine Lodging Telluride
lp65716e0c,Mountainside Inn 304 1 Bedroom Hotel Room by Alpine Lodging Telluride
lp6572cf8a,Mountainside Inn 304 by Alpine Lodging Telluride
lp65716e10,Mountainside Inn 305 1 Bedroom Hotel Room by Alpine Lodging Telluride
lp6572c11a,Mountainside Inn 305 by Alpine Lodging Telluride
lp65716e09,Mountainside Inn 306 1 Bedroom Hotel Room by Alpine Lodging Telluride
lp65716e46,Mountainside Inn 307 1 Bedroom Hotel Room by Alpine Lodging Telluride
lp6572dc21,Mountainside Inn 307 by Alpine Lodging Telluride
lp65716e5e,Mountainside Inn 308 1 Bedroom Hotel Room by Alpine Lodging Telluride
lp6572b731,Mountainside Inn 308 by Alpine Lodging Telluride
lp65716e80,Mountainside Inn 309 1 Bedroom Hotel Room by Alpine Lodging Telluride
lp6572c7d7,Mountainside Inn 309 by Alpine Lodging Telluride
lp656d90aa,Mountainside Inn 310 1 Bedroom Hotel Room by Alpine Lodging Telluride
lp6572d67d,Mountainside Inn 310 by Alpine Lodging Telluride
lp65716e79,Mountainside Inn 311 1 Bedroom Hotel Room by Alpine Lodging Telluride
lp65716e3a,Mountainside Inn 312 1 Bedroom Hotel Room by Alpine Lodging Telluride
lp6572dbfa,Mountainside Inn 313 by Alpine Lodging Telluride
lp65716e84,Mountainside Inn 314 1 Bedroom Hotel Room by Alpine Lodging Telluride
lp6572cda1,Mountainside Inn 314 by Alpine Lodging Telluride
lp65716e78,Mountainside Inn 315 1 Bedroom Hotel Room by Alpine Lodging Telluride
lp6572da37,Mountainside Inn 315 by Alpine Lodging Telluride
lp65716e42,Mountainside Inn 316 1 Bedroom Hotel Room by Alpine Lodging Telluride
lp65716e48,Mountainside Inn 317 1 Bedroom Hotel Room by Alpine Lodging Telluride
lp6572d449,Mountainside Inn 317 by Alpine Lodging Telluride
lp65716e41,Mountainside Inn 318 1 Bedroom Hotel Room by Alpine Lodging Telluride
lp6572c6c7,Mountainside Inn 318 by Alpine Lodging Telluride
lp65716e3e,Mountainside Inn 320 1 Bedroom Hotel Room by Alpine Lodging Telluride
lp6572dfd5,Mountainside Inn 320 by Alpine Lodging Telluride
lp65716e6e,Mountainside Inn 403 1 Bedroom Hotel Room by Alpine Lodging Telluride
lp65716df3,Mountainside Inn 406 1 Bedroom Hotel Room by Alpine Lodging Telluride
lp6572c3fa,Mountainside Inn 406 by Alpine Lodging Telluride
lp65716e83,Mountainside Inn 407 1 Bedroom Hotel Room by Alpine Lodging Telluride
lp6572b6b3,Mountainside Inn 407 by Alpine Lodging Telluride
lp656d8db5,Mountainside Inn 408 1 Bedroom Hotel Room by Alpine Lodging Telluride
lp65716e47,Mountainside Inn 409 1 Bedroom Hotel Room by Alpine Lodging Telluride
lp6572d822,Mountainside Inn 409 by Alpine Lodging Telluride
lp65716e74,Mountainside Inn 410 1 Bedroom Hotel Room by Alpine Lodging Telluride
lp656d90a9,Mountainside Inn 411 1 Bedroom Hotel Room by Alpine Lodging Telluride
lp6572c06e,Mountainside Inn 411 by Alpine Lodging Telluride
lp656d9068,Mountainside Inn 412 1 Bedroom Hotel Room by Alpine Lodging Telluride
lp6572a9a6,Mountainside Inn 412 by Alpine Lodging Telluride
lp6586a393,Mountainside Inn 413 1 Bedroom Condo
lp65716e63,Mountainside Inn 415 1 Bedroom Hotel Room by Alpine Lodging Telluride
lp6572dfd4,Mountainside Inn 415 by Alpine Lodging Telluride
lp65716e4e,Mountainside Inn 416 1 Bedroom Hotel Room by Alpine Lodging Telluride
lp6572e27a,Mountainside Inn 416 by Alpine Lodging Telluride
lp65716e5c,Mountainside Inn 417 1 Bedroom Hotel Room by Alpine Lodging Telluride
lp6572e16f,Mountainside Inn 417 by Alpine Lodging Telluride
lp65716e12,Mountainside Inn 418 1 Bedroom Hotel Room by Alpine Lodging Telluride
lp656d9075,Mountainside Inn 419 1 Bedroom Hotel Room by Alpine Lodging Telluride
lp6572e174,Mountainside Inn 419 by Alpine Lodging Telluride
lp656d909b,Mountainside Inn 419/421 2 Bedroom Hotel Room by Alpine Lodging Telluride
lp656f2300,Mountainside Inn 419/421 by Alpine Lodging Telluride
lp65716e61,Mountainside Inn 420 1 Bedroom Hotel Room by Alpine Lodging Telluride
lp6572dfe8,Mountainside Inn 420 by Alpine Lodging Telluride
lp656d908c,Mountainside Inn 421 1 Bedroom Hotel Room by Alpine Lodging Telluride
lp6572a92b,Mountainside Inn 421 by Alpine Lodging Telluride
lp6587ba7c,Mountainside Inn 422 - Nr 1 Bedroom Condo
lpa06e3,Muscatel Flats 19 1 Bedroom Condo By Accommodations in Telluride
lpa072f,Muscatel Flats 2 1 Bedroom Condo By Accommodations in Telluride
lpa05c1,Muscatel Flats 20 1 Bedroom Condo By Accommodations in Telluride
lpa07a2,Muscatel Flats 4 1 Bedroom Condo By Accommodations in Telluride
lp655837e2,New San Juan 303 by Avantstay Modern Penthouse w/ Deck Overlooking Main Street
lp35ebc,New Sheridan Hotel
lp656c5dd8,"New! Chic European Style Cabin, Short Walk To Ski 3 Bedroom Home by RedAwning"
lp322482,North Willow
lp656ef5fd,Northstar 13
lp656ee943,Northstar 18
lp6571ac92,Northstar 6 3 Bedroom Condo by RedAwning
lp65573ec1,Open Oasis by Exceptional Stays
lp65585314,Ore Station 2 by Avantstay Modern Oasis in the Heart of Telluride w/ Hot Tub
lp853df,Outlaw Hideaway
lp65826c17,Outlaws Creek
lp6556ca32,Overlook Haus by Exceptional Stays
lp656c735d,Overlook House 4 Bedroom Home by RedAwning
lp657e2d30,Overlook House home
lpa0575,Owl Meadows 15 3 Bedroom Condo By Accommodations in Telluride
lp6570d136,Owl Meadows 23 2 Bedroom Townhouse by RedAwning
lp65583a45,Owl Meadows 24 by Avantstay Walking Distance to Town & Slopes!
lpa05e4,Pacific Place A 2 Bedroom Condo By Accommodations in Telluride
lp33ef0a,Pacific Place by Exceptional Stays
lp33ecfb,"Pacific Place TOO - Condo, Downtown Telluride, Steps From Town Park"
lp6556ca31,Pacific ST Townhouse II by Exceptional Stays
lpa0525,Pacific Street 3 Bedroom Condo By Accommodations in Telluride
lp65585253,Pacific Street Townhome 514b by Avantstay Cute Townhouse in the Heart of Telluride!
lp85347,Pacific Street Townhome by Telluride Alpine Lodging
lp65857dad,Pacifico
lp65740624,Palmyra 3D by Avantstay Gorgeous Condo in Great Location!
lpff36d,Palmyra 3F
lpff180,Palmyra 4G
lp656c10b4,Palmyra 4G by Avantstay Close to the Slopes & Town!
lp32257f,Palmyra Pines by Exceptional Stays
lp655850e2,Pandora by Avantstay Modern Mountain Escape in Great Location @ Entrance of Bear Creek Trail
lp65573685,Parkside Retreat by Exceptional Stays
lp656c8bf1,"Peaceful Home-like Condo Spacious, Private Deck, Fireplace 3 Bedroom Condo by RedAwning"
lp65705946,Penthouse #2 at DiamondTooth - location and views!
lp6563b9f6,Penthouse By The Gondola
lp656c8c3d,"Perfect Location! King Bed, Full Kitchen, Walk To Gondola 2 Bedroom Condo by RedAwning"
lp65727462,"Perfect Location! King Bed, Full Kitchen, Walk to Gondola condo"
lp657b7e4e,Perfect Mountain Lodge for family holiday
lp33eec7,Petra Domus by Exceptional Stays
lp65573fcf,Picture Perfect by Exceptional Stays
lpd1707,Pine Meadows 128 4 Bedrooms 4.5 Bathrooms Condo
lp322748,Pine Meadows 138 by Exceptional Stays
lpb6499,Pine Meadows 138 by RedAwning
lp85427,Pine Meadows At Mountain Village By Telluride Resort Lodging
lp39245,Plaza 403
lp65583ad3,Plunge A by Avantstay Stunning Views & A Block From Lift #7
lp65583a6a,Plunge E by Avantstay Gorgeous Townhouse in DT Telluride!
lpa0762,Plunge H 3 Bedroom Condo By Accommodations in Telluride
lp3225f3,Plunge J
lp6556ca2c,Plunge J by Exceptional Stays
lp32253c,Polar Queen by Exceptional Stays
lp657381e9,"Premier Downtown Telluride Condo with Pool, Hot Tub & Parking"
lp33df66,Prospect Falls by Exceptional Stays
lp656c8c6a,Remodel For 2022! Ski In/ski Out + Parking 3 Bedroom Condo by RedAwning
lp65721b74,Remodeled Luxury Condo - Skii in Skii out
lp3227c8,River Bliss by Exceptional Stays
lp656c958e,River Club 101 2 Bedroom Condo by Alpine Lodging Telluride
lp656c988d,River Club 102 2 Bedroom Condo by Alpine Lodging Telluride
lp82797,River Club 102 by Alpine Lodging Telluride
lp656c9611,River Club 104 2 Bedroom Condo by Alpine Lodging Telluride
lp656c95e5,River Club 105 2 Bedroom Condo by Alpine Lodging Telluride
lp656c95be,River Club 203 3 Bedroom Condo by Alpine Lodging Telluride
lp656c916b,River Club 207 2 Bedroom Condo by Alpine Lodging Telluride
lp656c95b8,River Club 302 2 Bedroom Condo by Alpine Lodging Telluride
lp656c790f,River Club 306 2 Bedroom Condo by Alpine Lodging Telluride
lp656c95de,River Club 307 2 Bedroom Condo by Alpine Lodging Telluride
lp656c78c3,River Club 309 2 Bedroom Condo by Alpine Lodging Telluride
lp656c8c3f,River Club by Alpine Lodging Telluride
lp65584f7e,River Edge A by Avantstay Three BR Condo In Historic Depot District
lp656f31ee,River Location 2 blocks to lift 7 &to the Gondola
lp656c8f71,"River Retreat! Mtn View Balcony, Pool, Hot Tub @ Viking Lodge 210 1 Bedroom Condo by RedAwning"
lp656f274d,"River Retreat! Mtn View Balcony, Pool, Hot Tub Viking Lodge 210 condo"
lp6558573f,River Watch 4 by Avantstay Great Central Location
lp6556ca2e,River's Edge Retreat by Exceptional Stays
lp3223d9,Rivercrown 7 by Exceptional Stays
lp656e8a0d,"Riverfront, blocks to ski - Mtn Views, Hot Tub at Viking Lodge 217 condo"
lp656c8c0a,"Riverfront, Blocks To Ski! Mtn Views + Hot Tub @ Viking Lodge 217 1 Bedroom Condo by RedAwning"
lp6570b1e7,Riverside A03 2 Bedroom Condo by RedAwning
lpc923f,Riverside A101 - Riverside Hummingbird
lp33e9db,Riverside B02
lp33e2fe,Riverside B201 by Exceptional Stays
lp3b9f3,Riverside by Telluride Alpine Lodging
lpf8f28,"Riverside Condo, Walk Everywhere Viking Lodge 212 condo"
lp655852ac,"Riverside Condos A102 by Avantstay Condo Close To Downtown, Town Park & Ski Lift #8"
lp65585321,"Riverside Condos A103 by Avantstay Condo Close To Downtown, Town Park & Ski Lift #8"
lp65584d9c,"Riverside Condos B101 by Avantstay Condo Close To Downtown, Town Park & Ski Lift #8"
lp655852ef,"Riverside Condos B204 by Avantstay Condo Close To Downtown, Town Park & Ski Lift #8"
lp65583ac7,"Riverside Condos C102 by Avantstay Condo Close To Downtown, Town Park & Ski Lift #8"
lp65584f8c,"Riverside Condos C202 by Avantstay Condo Close To Downtown, Town Park & Ski Lift #8"
lp65584faf,"Riverside Condos D01 by Avantstay Condo Close To Downtown, Town Park & Ski Lift #8"
lpa0665,Riverside D02 2 Bedroom Condo By Accommodations in Telluride
lp656c8c28,"Riverside Dream! Quiet Spot W Deck, 5 Min Walk To Gondola & Main St. 2 Bedroom Condo by RedAwning"
lp6573c733,Riverside Retreat at Viking Lodge - location!
lpa06eb,Rocky Road Retreat 4 Bedroom Holiday home By Accommodations in Telluride
lp6573dabc,Royer Falls Retreat 4 Bedroom Home
lp655852aa,"Russell Home by Avantstay Expansive Deck, Stunning Views & Hot Tub!"
lp6585ff10,Saddle Horn Lane 4 Bedroom Home
lp6556b9aa,SAN Juan 103 AT Transfer by Exceptional Stays
lp100d0a,See Forever 102
lp1011eb,See Forever 104 - Near Telluride Ski Resort
lpfef04,See Forever 105
lpff85c,See Forever 109
lpfef0a,See Forever 110
lpfec7f,See Forever 111
lp656c914d,See Forever 129 4 Bedroom Condo by RedAwning
lpc6f0b,See Forever 158 - Mountain`s Edge
lp1003f6,See Forever Mt Wilson 101
lpfeaa4,See Forever Mt Wilson 123
lp100b25,See Forever Mt Wilson 131
lpff0e3,See Forever Mt Wilson 132
lp1003dc,See Forever Mt Wilson 134
lpff2eb,See Forever San Sophia 114
lpfee20,See Forever San Sophia 115
lpffc25,See Forever San Sophia 116
lpff33f,See Forever San Sophia 117
lp1003dd,See Forever San Sophia 120
lpff366,See Forever Summit 156
lp10039f,See Forever Summit Cabin 152
lp3e47f,See Forever Village at the Peaks
lp41005,Silver Star Telluride Condominiums
lp65738505,Silverpick Ranch - adventure & luxury in Telluride
lp6570e443,Ski In Out 5 Minute Walk To Everything
lp65770691,Ski In out Remodeled Luxury Condo
lp656c8c2f,"Ski In/out In Town! Ski Area Views, Fireplace, Hot Tub 2 Bedroom Condo by RedAwning"
lp656c8be5,"Ski In/out Lift 7! Deck, Hot Tub, Garage Parking 2 Bedroom Condo by RedAwning"
lp656c851b,"Ski Trip Value! Walk Everywhere, Hot Tub, Top Floor 1 Bedroom Condo by RedAwning"
lp6570e9e0,"Ski trip value! Walk everywhere, hot tub, top floor condo"
lp656cd3d6,Ski-in/ski-out Mountain Village Condo w/ Hot Tub!
lp656bfeb2,Ski-in/ski-out Telluride Home w/ Deck & Hot Tub!
lp3227fa,Skyline AT Meribel by Exceptional Stays
lp655850dd,Slopeside at Sundance by Avantstay Great Ski Access w/ Sauna & Hot Tub
lp656c750c,Slopeside Chalet 4 Bedroom Home by RedAwning
lp33e099,Slopeside Lodge
lp656c8bb3,"Slopeside Paradise Penthouse At Lift 7, Views, Fireplace, Deck, Hot Tub 3 Bedroom Condo by RedAwning"
lp65712210,"Slopeside Paradise Penthouse at Lift 7, Views, Fireplace, Deck, Hot Tub condo"
lp65577ff9,Slopeside Villa by Exceptional Stays
lpc6f0e,Smuggler B by Avantstay Excellent Condo Within Walking Distance Of Lift #7
lp65874319,Smuggler B by Avantstay Excellent Condo Within Walking Distance Of Lift 7
lpc983e,Smuggler Cabin
lp65585233,Smuggler F by Avantstay Gorgeous Condo Close To Lift 7
lp658504b8,Sneffels
lpfed26,Snowdrift Cabin
lp65583a62,Snowdrift Cabin by Avantstay Breathtaking Home w/ Prime Ski Access
lp85439,Snowdrift Cabin By Telluride Resort Lodging
lp656c8c69,"Snowy Peak Views From Living Room, 2 Parking Spaces, Walk To Ski 1 Bedroom Condo by RedAwning"
lp6570aca2,"Snowy Peak Views from Living Room, 2 Parking Spaces, Walk to Ski condo"
lp33df75,South OAK Pearl by Exceptional Stays
lp3224f9,South Pacific
lp656c8be4,"Space For All! Close To Lift 7, Fireplace, Hot Tub 3 Bedroom Condo by RedAwning"
lpa06da,Spiral Stairs 4 3 Bedroom Condo By Accommodations in Telluride
lp656c8c66,"Steps To Chair 7 + River & Mountain Views, Top Floor, Hot Tub 1 Bedroom Condo by RedAwning"
lp656c8519,"Steps To Gondola, Lift 8 Modern Hideaway Spiral Stairs 11 2 Bedroom Condo by RedAwning"
lp6556d52e,Stonegate by Alpine Lodging Telluride
lp3228c1,Stonegate Chalet
lp6587e4f9,Stunning Views! Ski-in/out Mountain Village Cabin
lp656c8bfd,"Style & Location! Steps To Gondola, Main Street, River 1 Bedroom Condo by RedAwning"
lp656f5520,"Stylish Convenience! Short Walk to Lifts, Gondola, Main St, Fall Line 210 condo"
lp656c8c43,"Stylish Convenience! Short Walk To Lifts, Gondola, Main St. @ Fall Line 210 2 Bedroom Condo by RedAwning"
lp6558533b,Sugarloaf by Avantstay Telluride Home In Great Location Near the Slopes!
lp655784c8,Summit at See Forever by Exceptional Stays
lp656c5d5f,Sun-filled Sunnyside Home On North Fir St Eco-friendly Home Peace & Privacy 3 Bedroom Home by RedAwning
lpa0512,Sundance 302 2 Bedroom Condo By Accommodations in Telluride
lp6587dee8,Sundance Condos 202 2 Bedroom Condo
lp6572e807,Sundance Condos 202 by Avantstay Great Condo in Telluride Close to Downtown
lp6587430b,Sundance Condos 202 by Avantstay Great Condo in Telluride Close to Downtown
lp85438,Sundance Grand Overlook By Telluride Resort Lodging
lp656c8c26,"Sunny Condo, Box Canyon Views, Pool + Hot Tub 2 Bedroom Condo by RedAwning"
lp3228b3,Sunset Ridge
lp6558523a,Telemark B by Avantstay Ski In/ Ski Out at the Heart of Mountain Village!
lp33df69,Telemark Tower
lp657b88f8,Telluride Alley Home Near Gondola
lp6ca30,Telluride Alpine Lodge Portfolio
lp656ccfbd,Telluride Condo in Town - 1/2 Mi Walk to Gondola!
lp656cca72,"Telluride Condo: Walk to Lift, Bear Creek, & More!"
lp6572fb16,Telluride Lodge & Ski Condo
lp656f01c2,Telluride Lodge 305 by Avantstay Close to Slopes & Town!
lp65584fe2,Telluride Lodge 311 by Avantstay Close to Slopes & Town!
lp65584fe6,Telluride Lodge 312 by Avantstay Close to Slopes & Town!
lp65881cb7,Telluride Lodge 324 1 Bedroom Studio
lp6585ef51,Telluride Lodge 329 2 Bedroom Condo
lpd1d91,Telluride Lodge 404 3 Bedrooms 2.5 Bathrooms Condo
lp65585721,Telluride Lodge 405 by Avantstay Close to Slopes & Town!
lp6587430a,Telluride Lodge 405 by Avantstay Close to Slopes Town
lp6570d220,"Telluride Lodge 526 - A True Mountain Retreat In Beautiful Telluride Town, condo"
lp656c8dab,Telluride Lodge 526 - A True Mountain Retreat In Beautiful Telluride Town. 3 Bedroom Condo by RedAwning
lp35079,Telluride Lodge by Telluride Alpine Lodging
lp657e126d,Telluride Lodge Your mountain gateaway
lp656bccd5,"Telluride Mountain Chalet w/ Gym, Hot Tub & Views!"
lp657f4a3d,Telluride Mountain Lodge Skiin Out amazingLocation
lp658492a5,Telluride Penthouse
lp65709d3e,Telluride Resort View at Double Diamond - ski-in-out and hot tub!
lp657d17c6,Telluride Riverside House with Mountain Views
lp65867a98,Telluride Ski Resort CO - Vacation Rentals
lp6585fd87,Telluride Ski Resort CO - Viking Lodge Condos
lp65865160,"Telluride Ski Resort, CO Vacation Rentals"
lp656cc4cd,Telluride Studio in Downtown - Walk to Gondola!
lp6554b0d0,Terraces 402 by Exceptional Stays
lp3223e1,Terraces 502
lp3223ef,Terraces 602
lp6569e49a,Terraces First Tracks
lp6569489e,Terraces Meadow View
lp38483,The Bivvi Hostel Telluride
lp65751352,The Creekside Retreat: Steps to all of Telluride
lp2ff71,The Hotel Telluride
lp657eb72a,The Outlaw
lp21ee2,The Peaks Resort and Spa
lp6556ca2d,THE Pinnacle by Exceptional Stays
lp65705bad,The Residence on South Oak - steps to the gondola!
lp657ae8a5,The Touchstone by Boutiq
lp656a7cb9,The Tucker Inn
lp3489e,The Victorian Inn
lpa072e,Timber Creek 10 Bedroom Holiday home By Accommodations in Telluride
lp658663cf,Tomboy Lodge 144 1 Bedroom Condo
lp65709e3d,Top Floor Condo with Balcony - Steps To Lifts & Main Street condo
lp656c8f6f,Top Floor Condo With Balcony Steps To Lifts & Main Street 2 Bedroom Condo by RedAwning
lp1007d9,Townhome on the Creek 135
lp6558530e,Townhome on the Creek 135 by Avantstay Ski In/ Ski Out Home w/ Hot Tub
lp854f8,Townhome On The Creek By Telluride Resort Lodging
lp65578381,Trailside Nirvana By Exceptional Stays
lp854b1,Tramontana Condominium By Telluride Resort Lodging
lp656c8524,"Treetop Views, 5 Min Walk To Gondola & Main Street 2 Bedroom Condo by RedAwning"
lp65581a7e,Tristant 108 by Exceptional Stays
lp3224df,Tristant 115 by Exceptional Stays
lp3228d0,Tristant 131 by Exceptional Stays
lp656c8bfc,"True Ski In/ski Out Sun-drenched, Top Floor Condo Ajax Views, Deck, Garage Parking 3 Bedroom Condo by RedAwning"
lp3225cf,Trulux Penthouse by Exceptional Stays
lp65575d6b,Twin Elk by Exceptional Stays
lp6585a834,Upscale Ski-in/ski-out Escape w/ Deck + Grill
lp65584fb7,Ute Lodge by Avantstay Cozy Expansive Mountain Home Close to the Slopes!
lp656c8bce,"Valley Floor Dream W/ Fireplace Year-round Trail Access, 3 Min To Town 2 Bedroom Condo by RedAwning"
lp657687d0,Vibrant Central Telluride Studio with Hot Tub and AC
lp6558355e,"Viking Lodge 103 by Avantstay Stunning Condo, Near Ski Lift"
lp655850d2,Viking Lodge 117 by Avantstay Ski Home w/ Communal Pool & Hot Tub
lp656c10b9,"Viking Lodge 209 by Avantstay Great Ski Access, Walk to Downtown"
lp656c10b7,"Viking Lodge 216 by Avantstay Great Ski Access, Walk to Downtown"
lp656e172b,Viking Lodge 312 1 Bedroom Condo
lp65874312,Viking Lodge 319 by Avantstay Great Ski Access w Communal Pool Hot Tub
lp656c10b8,"Viking Lodge 319 by Avantstay Great Ski Access, Walk to Town Park & Downtown"
lp39fd1,Viking Lodge by Telluride Alpine Lodging
lp658752a7,Viking Lodge Condos - Telluride Ski Resort
lpbd334,Village Creek 8
lp6577b697,Village Hideaway - Telluride convenience!
lp656c8bd8,Villas At Cortina 1 4 Bedroom Condo by Alpine Lodging Telluride
lp656c8bbd,Villas At Cortina 4 3 Bedroom Condo by Alpine Lodging Telluride
lp6574975f,Villas at Cortina 4 by Alpine Lodging Telluride
lp656c8be7,Villas At Cortina Penthouse 10 4 Bedroom Condo by Alpine Lodging Telluride
lp65745e69,Villas at Cortina Penthouse 10 by Alpine Lodging Telluride
lp656c84f7,Villas At Cortina Penthouse 11 3 Bedroom Condo by Alpine Lodging Telluride
lp65583aca,Villas At Tristant 137 by Avantstay Ski In/ Ski Out Home w/ Panoramic Views & Hot Tub
lp656c8354,"Walk To Festivals! Windows, Fireplace, Hot Tub 1 Bedroom Condo by RedAwning"
lp656c8c22,"Walk To Ski, Stylish & Bright! Ground Floor, Hot Tub, Pool 1 Bedroom Condo by RedAwning"
lp656f0aaf,"Walk to Ski, Stylish & Bright! Ground Floor, Hot Tub, Pool condo"
lp656c8bf6,Walk To Ski! Bay Window View Of River & Ski Mountain 1 Bedroom Condo by RedAwning
lp6585f59d,Wapiti Lane 4 Bedroom Home
lp655852e3,Wapiti Mountain Escape by Avantstay Commanding Views Incredible Home w/ Hot Tub!
lp656c852d,"West End Walk To Lift 7 Hot Tub, Parking, Open Kitchen + Living Space 2 Bedroom Condo by RedAwning"
lpd1513,Westermere 310 - Westermere Sunset
lp65584fae,Westermere 311 - 2 by Avantstay Just Steps From Ski Area w/ Great Views!
lp65584fac,Westermere 311 by Avantstay Gorgeous Condo In Great Location!
lp656e6c68,Wintercrown 301
lp656c5df4,Winterleaf 4 Bedroom Home by RedAwning
lp322762,Yellow Brick Cabin by Exceptional Stays